"canonical_name","native","nesting","sociality","foraging"
"agapanthinus callophilus","","","",""
"agapostemon aenigma","","Ground","Solitary",""
"agapostemon angelicus","native","Ground","Plastic","Generalist"
"agapostemon atrocaeruleus","","Ground","Solitary",""
"agapostemon coloradinus","native","Ground","Solitary","Generalist"
"agapostemon femoratus","native","Ground","Solitary","Generalist"
"agapostemon leunculus","native","Ground","Solitary","Generalist"
"agapostemon melliventris","native","Ground","Solitary","Generalist"
"agapostemon nasutus","native","Ground","Plastic","Generalist"
"agapostemon obliquus","native","Ground","Solitary","Generalist"
"agapostemon peninsularis","","Ground","Solitary",""
"agapostemon semimelleus","","Ground","Solitary","Generalist"
"agapostemon sericeus","native","Ground","Solitary","Generalist"
"agapostemon splendens","native","Ground","Solitary","Generalist"
"agapostemon texanus","native","Ground","Solitary","Generalist"
"agapostemon tyleri","native","Ground","Solitary","Generalist"
"agapostemon viequesensis","","Ground","Solitary","Generalist"
"agapostemon virescens","native","Ground","Plastic","Generalist"
"amegilla quadrifasciata","introduced","Ground","Solitary","Generalist"
"ancylandrena atoposoma","native","Ground","Solitary","Specialist"
"ancylandrena koebelei","native","Ground","Solitary","Specialist"
"ancylandrena larreae","native","Ground","Solitary","Specialist"
"ancylandrena rozeni","native","Ground","Solitary","Specialist"
"ancylandrena timberlakei","native","Ground","Solitary","Specialist"
"ancyloscelis apiformis","","Ground","","Specialist"
"ancyloscelis sejunctus","","Ground","","Specialist"
"andrena aberrans","","Ground","Solitary","Specialist"
"andrena ablegata","","Ground","Solitary",""
"andrena accepta","native","Ground","Solitary","Specialist"
"andrena acrana","","Ground","Solitary",""
"andrena aculeata","native","Ground","Solitary","Generalist"
"andrena afimbriata","","Ground","Solitary",""
"andrena agilissima","introduced","Ground","Communal","Specialist"
"andrena agoseridis","","Ground","Solitary",""
"andrena alamonis","","Ground","Solitary",""
"andrena albiculta","","Ground","Solitary",""
"andrena albuginosa","","Ground","Solitary",""
"andrena algida","native","Ground","Solitary",""
"andrena aliciae","native","Ground","Solitary","Specialist"
"andrena aliciarum","native","Ground","Solitary",""
"andrena alleghaniensis","native","Ground","Solitary",""
"andrena amphibola","native","Ground","Solitary",""
"andrena anatolis","native","Ground","Solitary","Specialist"
"andrena andrenoides","native","Ground","Solitary",""
"andrena angelesia","native","Ground","Solitary",""
"andrena angustella","native","Ground","Solitary",""
"andrena angusticrus","","Ground","Solitary",""
"andrena angustifovea","","Ground","Solitary",""
"andrena angustitarsata","","Ground","Solitary",""
"andrena anisochlora","native","Ground","Solitary",""
"andrena annectens","","Ground","Solitary",""
"andrena anograe","","Ground","Solitary","Specialist"
"andrena antonitonis","","Ground","Solitary",""
"andrena apacheorum","","Ground","Solitary",""
"andrena apasta","native","Ground","Solitary",""
"andrena apiformis","","Ground","Solitary",""
"andrena aquila","","Ground","Solitary",""
"andrena arabis","native","Ground","Solitary",""
"andrena arctostaphylae","","Ground","Solitary",""
"andrena ardis","","Ground","Solitary",""
"andrena arenata","","Ground","Solitary",""
"andrena arenicola","","Ground","Solitary",""
"andrena argemonis","native","Ground","Solitary",""
"andrena argentiscopa","native","Ground","Solitary",""
"andrena asteris","native","Ground","Solitary","Specialist"
"andrena asteroides","native","Ground","Solitary","Specialist"
"andrena astragali","native","Ground","Solitary","Specialist"
"andrena atlantica","native","Ground","Solitary",""
"andrena atrata","","Ground","Solitary","Generalist"
"andrena atypica","","Ground","Solitary",""
"andrena auricoma","native","Ground","Solitary","Generalist"
"andrena aurihirta","","Ground","Solitary",""
"andrena auripes","","Ground","Solitary",""
"andrena autumnalis","","Ground","Solitary",""
"andrena avulsa","","Ground","Solitary",""
"andrena baeriae","native","Ground","Solitary",""
"andrena balsamhorizae","","Ground","Solitary",""
"andrena banksi","native","Ground","Solitary",""
"andrena barbara","native","Ground","Solitary",""
"andrena barberi","native","Ground","Solitary",""
"andrena barbilabris","native","Ground","Solitary","Generalist"
"andrena beameri","","Ground","Solitary",""
"andrena bellidoides","","Ground","Solitary",""
"andrena bendensis","","Ground","Solitary",""
"andrena berberidis","","Ground","Solitary",""
"andrena berkeleyi","native","Ground","Solitary",""
"andrena bernardina","native","Ground","Solitary",""
"andrena biareola","","Ground","Solitary",""
"andrena bicolor","introduced","Ground","Solitary","Generalist"
"andrena bimaculata","introduced","Ground","Solitary","Generalist"
"andrena birtwelli","","Ground","Solitary",""
"andrena bisalicis","native","Ground","Solitary",""
"andrena biscutellata","","Ground","Solitary",""
"andrena bisulcata","","Ground","Solitary",""
"andrena blaisdelli","native","Ground","Solitary","Specialist"
"andrena blanda","","Ground","Solitary",""
"andrena blennospermatis","","Ground","Solitary","Specialist"
"andrena bocensis","","Ground","Solitary",""
"andrena boronensis","native","Ground","Solitary","Specialist"
"andrena braccata","native","Ground","Solitary","Specialist"
"andrena bradleyi","native","Ground","Solitary",""
"andrena brevicornis","","Ground","Solitary",""
"andrena brevipalpis","","Ground","Solitary",""
"andrena brooksi","","Ground","Solitary",""
"andrena bruneri","","Ground","Solitary",""
"andrena buccata","","Ground","Solitary",""
"andrena bucculenta","","Ground","Solitary",""
"andrena buckelli","","Ground","Solitary",""
"andrena bullata","","Ground","Solitary",""
"andrena caerulea","","Ground","Solitary",""
"andrena caeruleonitens","","Ground","Solitary",""
"andrena californiensis","","Ground","Solitary",""
"andrena caliginosa","","Ground","Solitary",""
"andrena callopyrrha","","Ground","Solitary",""
"andrena calvata","","Ground","Solitary",""
"andrena camissoniae","","Ground","Solitary",""
"andrena canadensis","native","Ground","Solitary",""
"andrena candida","native","Ground","Solitary",""
"andrena candidiformis","","Ground","Solitary",""
"andrena capricornis","","Ground","Solitary",""
"andrena carantonica","introduced","Ground","Solitary","Generalist"
"andrena carlini","native","Ground","Solitary","Generalist"
"andrena caroli","","Ground","Solitary",""
"andrena carolina","native","Ground","Solitary",""
"andrena carolinensis","","Ground","Solitary",""
"andrena casadae","","Ground","Solitary",""
"andrena ceanothi","native","Ground","Solitary","Specialist"
"andrena ceanothifloris","","Ground","Solitary",""
"andrena cerasifolii","native","Ground","Solitary","Generalist"
"andrena cercocarpi","","Ground","Solitary",""
"andrena cerebrata","","Ground","Solitary",""
"andrena chalybaea","native","Ground","Solitary","Specialist"
"andrena chalybioides","","Ground","Solitary",""
"andrena chaparralensis","","Ground","Solitary",""
"andrena chapmanae","","Ground","Solitary",""
"andrena cheyennorum","","Ground","Solitary",""
"andrena chippewaensis","","Ground","Solitary",""
"andrena chlorogaster","native","Ground","Solitary",""
"andrena chlorosoma","","Ground","Solitary",""
"andrena chlorura","","Ground","Solitary",""
"andrena chromotricha","native","Ground","Solitary","Specialist"
"andrena chrysosceles","introduced","Ground","Solitary","Generalist"
"andrena chylismiae","native","Ground","Solitary","Specialist"
"andrena cinerea","","Ground","Solitary",""
"andrena citrinihirta","","Ground","Solitary",""
"andrena clarkella","native","Ground","Solitary","Specialist"
"andrena cleodora","native","Ground","Solitary","Generalist"
"andrena coactipostica","","Ground","Solitary",""
"andrena coconina","","Ground","Solitary",""
"andrena colletiformis","introduced","Ground","Solitary","Generalist"
"andrena colletina","","Ground","Solitary",""
"andrena columbiana","","Ground","Solitary",""
"andrena commoda","native","Ground","Solitary",""
"andrena compositarum","","Ground","Solitary",""
"andrena compta","","Ground","Solitary",""
"andrena concinnula","native","Ground","Solitary",""
"andrena confederata","native","Ground","Solitary",""
"andrena congrua","native","Ground","Solitary",""
"andrena coracina","native","Ground","Solitary",""
"andrena cornelli","native","Ground","Solitary","Specialist"
"andrena coruscata","","Ground","Solitary",""
"andrena costillensis","","Ground","Solitary",""
"andrena cragini","native","Ground","Solitary",""
"andrena crataegi","native","Ground","Solitary",""
"andrena crawfordi","native","Ground","Solitary","Specialist"
"andrena cressonii","native","Ground","Solitary","Generalist"
"andrena crinita","native","Ground","Solitary",""
"andrena cristata","","Ground","Solitary",""
"andrena critica","","Ground","Solitary",""
"andrena cruciferarum","","Ground","Solitary",""
"andrena crudeni","","Ground","Solitary",""
"andrena cryptanthae","","Ground","Solitary",""
"andrena cuneilabris","","Ground","Solitary",""
"andrena cupreotincta","","Ground","Solitary",""
"andrena curvungula","","Ground","Solitary","Specialist"
"andrena cyanophila","","Ground","Solitary",""
"andrena cyanosoma","","Ground","Solitary",""
"andrena cymatilis","","Ground","Solitary",""
"andrena daeckei","native","Ground","Solitary",""
"andrena dallasiana","","Ground","Solitary",""
"andrena dapsilis","","Ground","Solitary",""
"andrena davisi","","Ground","Solitary",""
"andrena declinis","","Ground","Solitary",""
"andrena decolorata","","Ground","Solitary","Specialist"
"andrena deserticola","native","Ground","Solitary","Specialist"
"andrena dimorpha","","Ground","Solitary",""
"andrena dissimulans","","Ground","Solitary",""
"andrena dissona","","Ground","Solitary",""
"andrena distans","native","Ground","Solitary","Specialist"
"andrena dolomellea","","Ground","Solitary",""
"andrena duboisi","native","Ground","Solitary",""
"andrena dunningi","native","Ground","Solitary","Generalist"
"andrena duplicata","native","Ground","Solitary","Specialist"
"andrena durangoensis","native","Ground","Solitary",""
"andrena edwardsi","native","Ground","Solitary",""
"andrena ellisiae","","Ground","Solitary",""
"andrena elongatula","","Ground","Solitary",""
"andrena emeiensis","","Ground","Solitary",""
"andrena enocki","","Ground","Solitary",""
"andrena eothina","","Ground","Solitary",""
"andrena erberi","","Ground","Solitary",""
"andrena eremnophila","","Ground","Solitary",""
"andrena erigeniae","native","Ground","Solitary","Specialist"
"andrena erythrogaster","native","Ground","Solitary",""
"andrena erythronii","native","Ground","Plastic","Generalist"
"andrena escondida","native","Ground","Solitary","Specialist"
"andrena evoluta","","Ground","Solitary",""
"andrena faceta","","Ground","Solitary",""
"andrena fennigeri","native","Ground","Solitary","Specialist"
"andrena ferrugineipes","","Ground","Solitary",""
"andrena flaminea","","Ground","Solitary",""
"andrena flandersi","native","Ground","Solitary","Specialist"
"andrena flavipes","introduced","Ground","Solitary","Generalist"
"andrena flexa","native","Ground","Solitary",""
"andrena flocculosa","","Ground","Solitary",""
"andrena forbesii","native","Ground","Solitary","Generalist"
"andrena foxii","","Ground","Solitary",""
"andrena fracta","","Ground","Solitary",""
"andrena fragilis","native","Ground","Solitary","Generalist"
"andrena frigida","native","Ground","Solitary",""
"andrena fulgida","","Ground","Solitary",""
"andrena fulvida","introduced","Ground","Solitary","Generalist"
"andrena fulvipennis","native","Ground","Solitary","Specialist"
"andrena fulvitarsis","","Ground","Solitary",""
"andrena furva","native","Ground","Solitary",""
"andrena fuscicauda","native","Ground","Solitary","Generalist"
"andrena gardineri","native","Ground","Solitary","Specialist"
"andrena geranii","native","Ground","Solitary",""
"andrena gibberis","","Ground","Solitary",""
"andrena gnaphalii","","Ground","Solitary",""
"andrena gordoni","","Ground","Solitary",""
"andrena grindeliae","","Ground","Solitary",""
"andrena haemorrhoa","introduced","Ground","Solitary","Generalist"
"andrena hallii","","Ground","Solitary",""
"andrena hamulata","","Ground","Solitary",""
"andrena hastulata","","Ground","Solitary",""
"andrena hattorfiana","introduced","Ground","Solitary","Specialist"
"andrena haynesi","native","Ground","Solitary","Specialist"
"andrena helianthi","native","Ground","Solitary","Specialist"
"andrena helianthiformis","native","Ground","Solitary","Specialist"
"andrena hemileuca","native","Ground","Solitary",""
"andrena heraclei","native","Ground","Solitary",""
"andrena hermosa","","Ground","Solitary",""
"andrena heteropoda","","Ground","Solitary",""
"andrena hibernica","","Ground","Solitary",""
"andrena hicksi","","Ground","Solitary",""
"andrena hilaris","native","Ground","Solitary",""
"andrena hippotes","native","Ground","Solitary","Generalist"
"andrena hirticincta","native","Ground","Solitary","Specialist"
"andrena humabilis","","Ground","Solitary",""
"andrena hurdi","","Ground","Solitary",""
"andrena hypoleuca","","Ground","Solitary",""
"andrena ignota","","Ground","Solitary","Specialist"
"andrena ilicis","native","Ground","Solitary",""
"andrena illini","native","Ground","Solitary",""
"andrena illinoiensis","native","Ground","Solitary",""
"andrena illustris","","Ground","Solitary",""
"andrena imitatrix","native","Ground","Solitary","Generalist"
"andrena impolita","native","Ground","Solitary",""
"andrena impunctata","introduced","Ground","Solitary","Generalist"
"andrena inclinata","","Ground","Solitary",""
"andrena inculta","","Ground","Solitary",""
"andrena integra","native","Ground","Solitary",""
"andrena iranella","","Ground","Solitary",""
"andrena irrasus","native","Ground","Solitary",""
"andrena ishii","","Ground","Solitary",""
"andrena isocomae","native","Ground","Solitary","Specialist"
"andrena jeholensis","","Ground","Solitary",""
"andrena jennei","","Ground","Solitary",""
"andrena jessicae","native","Ground","Solitary",""
"andrena kaibabensis","","Ground","Solitary",""
"andrena kalmiae","native","Ground","Solitary",""
"andrena kansuensis","","Ground","Solitary",""
"andrena knuthiana","","Ground","Solitary",""
"andrena krigiana","native","Ground","Solitary","Specialist"
"andrena kristina","","Ground","Solitary",""
"andrena labergei","","Ground","Solitary",""
"andrena labiata","introduced","Ground","Solitary","Generalist"
"andrena labiatula","introduced","Ground","Solitary",""
"andrena lamelliterga","native","Ground","Solitary",""
"andrena laminibucca","","Ground","Solitary",""
"andrena lanhami","native","Ground","Solitary",""
"andrena latifrons","","Ground","Solitary",""
"andrena latinensis","","Ground","Solitary",""
"andrena lativentris","","Ground","Solitary",""
"andrena lauracea","native","Ground","Solitary",""
"andrena lauta","","Ground","Solitary",""
"andrena lawrencei","","Ground","Solitary","Generalist"
"andrena layiae","","Ground","Solitary",""
"andrena lehmanni","","Ground","Solitary",""
"andrena lepidii","","Ground","Solitary",""
"andrena leucomystax","native","Ground","Solitary",""
"andrena levipes","native","Ground","Solitary","Generalist"
"andrena lewisorum","","Ground","Solitary",""
"andrena linsleyana","native","Ground","Solitary","Specialist"
"andrena linsleyi","native","Ground","Solitary","Specialist"
"andrena livida","","Ground","Solitary",""
"andrena lomatii","","Ground","Solitary",""
"andrena longifovea","","Ground","Solitary",""
"andrena lonicerae","","Ground","Solitary",""
"andrena lupinorum","","Ground","Solitary",""
"andrena luteihirta","","Ground","Solitary",""
"andrena mackieae","","Ground","Solitary",""
"andrena macoupinensis","native","Ground","Solitary",""
"andrena macra","native","Ground","Solitary",""
"andrena macrocephala","","Ground","Solitary",""
"andrena macswaini","","Ground","Solitary",""
"andrena malacothricidis","native","Ground","Solitary","Specialist"
"andrena mandibularis","native","Ground","Solitary",""
"andrena manifesta","native","Ground","Solitary",""
"andrena mara","","Ground","Solitary",""
"andrena mariae","native","Ground","Solitary","Specialist"
"andrena mariposorum","","Ground","Solitary",""
"andrena medionitens","native","Ground","Solitary",""
"andrena melanochroa","native","Ground","Solitary",""
"andrena melittoides","","Ground","Solitary",""
"andrena mellea","","Ground","Solitary",""
"andrena melliventris","native","Ground","Solitary","Specialist"
"andrena mendica","native","Ground","Solitary",""
"andrena mentzeliae","native","Ground","Solitary","Specialist"
"andrena merriami","","Ground","Solitary","Generalist"
"andrena mesillae","","Ground","Solitary",""
"andrena mesoleuca","","Ground","Solitary",""
"andrena micheneri","","Ground","Solitary",""
"andrena micheneriana","native","Ground","Solitary",""
"andrena micheneriella","","Ground","Solitary",""
"andrena microchlora","","Ground","Solitary","Generalist"
"andrena milwakeensis","native","Ground","Solitary",""
"andrena mimbresensis","","Ground","Solitary",""
"andrena mimetes","","Ground","Solitary",""
"andrena miniata","","Ground","Solitary",""
"andrena miranda","native","Ground","Solitary",""
"andrena misella","","Ground","Solitary",""
"andrena miserabilis","native","Ground","Solitary","Generalist"
"andrena mohavensis","native","Ground","Solitary","Specialist"
"andrena mojavensis","","Ground","Solitary",""
"andrena monilicornis","native","Ground","Solitary",""
"andrena monoensis","","Ground","Solitary",""
"andrena monogonoparia","","Ground","Solitary",""
"andrena monticola","native","Ground","Solitary",""
"andrena montrosensis","","Ground","Solitary",""
"andrena moquiorum","","Ground","Solitary",""
"andrena morinella","","Ground","Solitary",""
"andrena morrisonella","native","Ground","Solitary",""
"andrena mucronata","","Ground","Solitary",""
"andrena murietae","","Ground","Solitary",""
"andrena nasonii","native","Ground","Solitary","Generalist"
"andrena neffi","","Ground","Solitary",""
"andrena nemophilae","","Ground","Solitary",""
"andrena neomexicana","","Ground","Solitary",""
"andrena neonana","native","Ground","Solitary",""
"andrena nevadae","","Ground","Solitary",""
"andrena nevadensis","","Ground","Solitary",""
"andrena nida","","Ground","Solitary",""
"andrena nigerrima","native","Ground","Solitary",""
"andrena nigra","native","Ground","Solitary",""
"andrena nigrae","","Ground","Solitary",""
"andrena nigricula","native","Ground","Solitary",""
"andrena nigrihirta","native","Ground","Solitary",""
"andrena nigripes","","Ground","Solitary","Specialist"
"andrena nigrocaerulea","native","Ground","Solitary","Generalist"
"andrena nigroclypeata","","Ground","Solitary",""
"andrena nitida","introduced","Ground","Solitary","Generalist"
"andrena nitidiuscula","introduced","Ground","Solitary","Specialist"
"andrena nivalis","native","Ground","Solitary","Generalist"
"andrena nothocalaidis","","Ground","Solitary",""
"andrena nothoscordi","native","Ground","Solitary",""
"andrena nubecula","native","Ground","Solitary","Specialist"
"andrena nuda","native","Ground","Solitary","Generalist"
"andrena obscuripennis","native","Ground","Solitary",""
"andrena obscuripostica","","Ground","Solitary",""
"andrena oenotherae","native","Ground","Solitary","Specialist"
"andrena ofella","native","Ground","Solitary",""
"andrena olivacea","native","Ground","Solitary",""
"andrena omninigra","native","Ground","Solitary","Specialist"
"andrena onisicolor","","Ground","Solitary",""
"andrena orthocarpi","native","Ground","Solitary",""
"andrena osmioides","native","Ground","Solitary",""
"andrena ovatula","introduced","Ground","Solitary","Generalist"
"andrena padoucorum","","Ground","Solitary",""
"andrena pallidifovea","native","Ground","Solitary","Specialist"
"andrena pallidiscopa","native","Ground","Solitary",""
"andrena palpalis","native","Ground","Solitary",""
"andrena papagorum","native","Ground","Solitary",""
"andrena parachalybea","","Ground","Solitary",""
"andrena parnassiae","native","Ground","Solitary",""
"andrena patagiata","native","Ground","Solitary",""
"andrena peckhami","native","Ground","Solitary","Specialist"
"andrena pecosana","native","Ground","Solitary","Specialist"
"andrena pectidis","native","Ground","Solitary",""
"andrena pectilis","native","Ground","Solitary",""
"andrena penemisella","native","Ground","Solitary",""
"andrena pensilis","native","Ground","Solitary",""
"andrena penutiani","","Ground","Solitary",""
"andrena perarmata","native","Ground","Solitary",""
"andrena perezana","","Ground","Solitary",""
"andrena perimelas","native","Ground","Solitary",""
"andrena perplexa","native","Ground","Solitary",""
"andrena perpunctata","","Ground","Solitary",""
"andrena persimulata","native","Ground","Solitary",""
"andrena personata","native","Ground","Solitary",""
"andrena pertristis","","Ground","Solitary",""
"andrena phaceliae","","Ground","Solitary",""
"andrena phenax","native","Ground","Solitary",""
"andrena pilipes","introduced","Ground","Solitary","Generalist"
"andrena piperi","native","Ground","Solitary","Generalist"
"andrena placata","native","Ground","Solitary","Specialist"
"andrena plana","","Ground","Solitary",""
"andrena platyparia","","Ground","Solitary",""
"andrena platyrhina","","Ground","Solitary",""
"andrena plebeia","","Ground","Solitary",""
"andrena plumiscopa","","Ground","Solitary",""
"andrena polemonii","native","Ground","Solitary",""
"andrena porterae","","Ground","Solitary",""
"andrena prima","native","Ground","Solitary",""
"andrena primulifrons","","Ground","Solitary",""
"andrena principalis","native","Ground","Solitary","Specialist"
"andrena prolixa","","Ground","Solitary",""
"andrena pruni","native","Ground","Solitary",""
"andrena prunifloris","","Ground","Solitary",""
"andrena prunorum","native","Ground","Solitary","Generalist"
"andrena pulverea","native","Ground","Solitary","Specialist"
"andrena pulverulenta","","Ground","Solitary",""
"andrena puthua","native","Ground","Solitary",""
"andrena pyropygia","","Ground","Solitary",""
"andrena pyrozonata","","Ground","Solitary",""
"andrena quadrilimbata","","Ground","Solitary",""
"andrena quericina","","Ground","Solitary",""
"andrena quintiliformis","","Ground","Solitary",""
"andrena quintilis","native","Ground","Solitary",""
"andrena ramaleyi","","Ground","Solitary",""
"andrena raveni","native","Ground","Solitary","Specialist"
"andrena reflexa","native","Ground","Solitary",""
"andrena regularis","native","Ground","Solitary","Generalist"
"andrena rehni","native","Ground","Solitary",""
"andrena relata","introduced","Ground","Solitary","Specialist"
"andrena ribblei","","Ground","Solitary",""
"andrena robertsonii","native","Ground","Solitary",""
"andrena robinsoni","","Ground","Solitary",""
"andrena rodilla","","Ground","Solitary","Specialist"
"andrena rozeni","native","Ground","Solitary","Specialist"
"andrena rubi","native","Ground","Solitary",""
"andrena rubrotincta","","Ground","Solitary","Specialist"
"andrena rudbeckiae","native","Ground","Solitary","Specialist"
"andrena ruficrus","introduced","Ground","Solitary","Specialist"
"andrena rufiventris","","Ground","Solitary",""
"andrena rufosignata","native","Ground","Solitary",""
"andrena rugosa","native","Ground","Solitary","Generalist"
"andrena runcinatae","","Ground","Solitary",""
"andrena rusticola","","Ground","Solitary",""
"andrena saccata","","Ground","Solitary",""
"andrena sagittagalea","","Ground","Solitary","Specialist"
"andrena sakagamii","","Ground","Solitary",""
"andrena salicifloris","native","Ground","Solitary",""
"andrena salicina","","Ground","Solitary",""
"andrena salictaria","native","Ground","Solitary",""
"andrena santaclarae","","Ground","Solitary",""
"andrena sarta","","Ground","Solitary",""
"andrena sayi","native","Ground","Solitary",""
"andrena schuhi","","Ground","Solitary",""
"andrena scotoptera","","Ground","Solitary",""
"andrena scurra","native","Ground","Solitary",""
"andrena scutellinitens","","Ground","Solitary",""
"andrena segregans","native","Ground","Solitary",""
"andrena semifulva","","Ground","Solitary",""
"andrena seminuda","introduced","Ground","Solitary","Generalist"
"andrena semipunctata","native","Ground","Solitary",""
"andrena semirubra","","Ground","Solitary",""
"andrena semirugosa","","Ground","Solitary",""
"andrena senticulosa","native","Ground","Solitary",""
"andrena shoshoni","","Ground","Solitary",""
"andrena siccata","","Ground","Solitary",""
"andrena sieverti","","Ground","Solitary",""
"andrena sigmundi","native","Ground","Solitary",""
"andrena similis","introduced","Ground","Solitary","Specialist"
"andrena simontornyella","","Ground","Solitary",""
"andrena simplex","native","Ground","Solitary","Specialist"
"andrena simulata","","Ground","Solitary",""
"andrena sitiliae","native","Ground","Solitary","Specialist"
"andrena sladeni","","Ground","Solitary",""
"andrena sodalis","introduced","Ground","Solitary",""
"andrena sola","native","Ground","Solitary","Generalist"
"andrena solenopalpa","","Ground","Solitary",""
"andrena sonorensis","","Ground","Solitary",""
"andrena specularia","","Ground","Solitary",""
"andrena sperryi","","Ground","Solitary",""
"andrena sphaeralceae","native","Ground","Solitary",""
"andrena spiraeana","native","Ground","Solitary",""
"andrena stagei","","Ground","Solitary",""
"andrena stigmatica","","Ground","Solitary",""
"andrena stipator","native","Ground","Solitary",""
"andrena striatifrons","native","Ground","Solitary",""
"andrena suavis","native","Ground","Solitary",""
"andrena subapasta","","Ground","Solitary",""
"andrena subaustralis","native","Ground","Solitary",""
"andrena subchalybea","","Ground","Solitary",""
"andrena subdepressa","","Ground","Solitary",""
"andrena sublayiae","native","Ground","Solitary",""
"andrena submaura","native","Ground","Solitary",""
"andrena submoesta","","Ground","Solitary",""
"andrena subnigripes","","Ground","Solitary",""
"andrena subrubicunda","native","Ground","Solitary",""
"andrena subtilis","native","Ground","Solitary",""
"andrena subtrita","native","Ground","Solitary",""
"andrena sulcata","","Ground","Solitary",""
"andrena surda","","Ground","Solitary",""
"andrena symphyti","introduced","Ground","Solitary","Specialist"
"andrena taeniata","","Ground","Solitary",""
"andrena tecta","","Ground","Solitary",""
"andrena tegularis","native","Ground","Solitary",""
"andrena tenuis","","Ground","Solitary",""
"andrena tetonorum","","Ground","Solitary",""
"andrena texana","native","Ground","Solitary",""
"andrena thaspii","native","Ground","Solitary",""
"andrena tildeni","","Ground","Solitary",""
"andrena timberlakei","","Ground","Solitary",""
"andrena tonkaworum","native","Ground","Solitary","Specialist"
"andrena topazana","native","Ground","Solitary",""
"andrena torulosa","","Ground","Solitary",""
"andrena transnigra","native","Ground","Solitary",""
"andrena trapezoidea","","Ground","Solitary",""
"andrena trapezoidina","","Ground","Solitary",""
"andrena trevoris","native","Ground","Solitary",""
"andrena tridens","native","Ground","Solitary",""
"andrena trikalensis","introduced","Ground","Solitary",""
"andrena trimaculata","","Ground","Solitary",""
"andrena trimmerana","introduced","Ground","Solitary","Generalist"
"andrena triquestra","native","Ground","Solitary",""
"andrena trivialis","","Ground","Solitary",""
"andrena trizonata","","Ground","Solitary",""
"andrena truncatella","","Ground","Solitary",""
"andrena unicostata","native","Ground","Solitary",""
"andrena utahensis","","Ground","Solitary",""
"andrena uvulariae","","Ground","Solitary",""
"andrena vanduzeei","native","Ground","Solitary","Specialist"
"andrena vandykei","","Ground","Solitary",""
"andrena variabilis","introduced","Ground","Solitary","Generalist"
"andrena venata","","Ground","Solitary",""
"andrena verae","introduced","Ground","Solitary","Generalist"
"andrena verbesinae","native","Ground","Solitary",""
"andrena verecunda","native","Ground","Solitary",""
"andrena vespertina","native","Ground","Solitary","Specialist"
"andrena vestali","","Ground","Solitary",""
"andrena vetula","","Ground","Solitary",""
"andrena vicina","native","Ground","Solitary","Generalist"
"andrena vicinoides","","Ground","Solitary",""
"andrena vierecki","","Ground","Solitary",""
"andrena violae","native","Ground","Solitary","Specialist"
"andrena virginiana","native","Ground","Solitary","Generalist"
"andrena viridissima","","Ground","Solitary",""
"andrena vulpicolor","native","Ground","Solitary","Specialist"
"andrena vulpoides","introduced","Ground","Solitary",""
"andrena waldmerei","native","Ground","Solitary",""
"andrena walleyi","","Ground","Solitary",""
"andrena washingtoni","","Ground","Solitary",""
"andrena wellesleyana","native","Ground","Solitary",""
"andrena wheeleri","native","Ground","Solitary",""
"andrena wilkella","introduced","Ground","Solitary","Specialist"
"andrena wilmattae","native","Ground","Solitary",""
"andrena winnemuccana","native","Ground","Solitary",""
"andrena wscripta","native","Ground","Solitary",""
"andrena xanthigera","","Ground","Solitary",""
"andrena zionensis","","Ground","Solitary",""
"andrena ziziae","native","Ground","Solitary",""
"andrena ziziaeformis","native","Ground","Solitary",""
"anthemurgus passiflorae","native","Ground","Solitary","Specialist"
"anthidiellum azteca","","Multiple","Solitary","Generalist"
"anthidiellum ehrhorni","native","Multiple","Solitary","Generalist"
"anthidiellum notatum","native","Multiple","Solitary","Generalist"
"anthidiellum perplexum","native","Multiple","Solitary","Generalist"
"anthidiellum toltecum","","Multiple","Solitary",""
"anthidium andinum","","Multiple","Solitary",""
"anthidium ardens","","Multiple","Solitary",""
"anthidium atripes","native","Multiple","Solitary",""
"anthidium banningense","","Multiple","Solitary",""
"anthidium bifidum","","Multiple","Solitary",""
"anthidium caspicum","","Multiple","Solitary",""
"anthidium clypeodentatum","native","Multiple","Solitary","Specialist"
"anthidium cochimi","","Multiple","Solitary",""
"anthidium cockerelli","native","Multiple","Solitary","Generalist"
"anthidium collectum","native","Multiple","Solitary",""
"anthidium crassidens","","Multiple","Solitary",""
"anthidium dammersi","native","Multiple","Solitary","Generalist"
"anthidium diadema","","Multiple","Solitary",""
"anthidium edwardsii","native","Multiple","Solitary","Generalist"
"anthidium emarginatum","native","Multiple","Solitary",""
"anthidium florentinum","introduced","Multiple","Solitary","Generalist"
"anthidium formosum","native","Multiple","Solitary",""
"anthidium illustre","native","Multiple","Solitary",""
"anthidium jocosum","native","Multiple","Solitary","Generalist"
"anthidium laeve","","Multiple","Solitary",""
"anthidium maculifrons","native","Multiple","Solitary",""
"anthidium maculosum","native","Multiple","Solitary","Generalist"
"anthidium manicatum","introduced","Multiple","Solitary","Generalist"
"anthidium montivagum","","Multiple","Solitary",""
"anthidium mormonum","native","Multiple","Solitary","Generalist"
"anthidium nigerrimum","","Multiple","Solitary",""
"anthidium oblongatum","introduced","Multiple","Solitary","Generalist"
"anthidium pallidiclypeum","native","Multiple","Solitary",""
"anthidium palliventre","native","Multiple","Solitary",""
"anthidium palmarum","","Multiple","Solitary",""
"anthidium paroselae","native","Multiple","Solitary","Generalist"
"anthidium placitum","","Multiple","Solitary",""
"anthidium porterae","","Multiple","Solitary",""
"anthidium psoraleae","native","Multiple","Solitary",""
"anthidium rodecki","","Multiple","Solitary",""
"anthidium rozeni","","Multiple","Solitary",""
"anthidium senile","","Multiple","Solitary",""
"anthidium sonorense","native","Multiple","Solitary","Generalist"
"anthidium taeniatum","","Multiple","Solitary",""
"anthidium tenuiflorae","native","Multiple","Solitary",""
"anthidium unicum","","Multiple","Solitary",""
"anthidium utahense","native","Multiple","Solitary",""
"anthidium venustum","","Multiple","Solitary",""
"anthophora abroniae","","Ground","Solitary",""
"anthophora abrupta","native","Ground","Solitary","Generalist"
"anthophora affabilis","","Ground","Solitary",""
"anthophora albata","","Ground","Solitary",""
"anthophora arthuri","","Ground","Solitary",""
"anthophora basalis","","Ground","Solitary",""
"anthophora biciliata","","Ground","Solitary",""
"anthophora bomboides","native","Ground","Solitary","Generalist"
"anthophora californica","native","Ground","Solitary","Generalist"
"anthophora capistrata","native","Ground","Solitary",""
"anthophora centriformis","native","Ground","Solitary","Generalist"
"anthophora cincreus","","Ground","Solitary",""
"anthophora cockerelli","","Ground","Solitary",""
"anthophora columbariae","","Ground","Solitary",""
"anthophora coptognatha","","Ground","Solitary",""
"anthophora crotchii","native","Ground","Solitary","Generalist"
"anthophora dammersi","","Ground","Solitary",""
"anthophora edwardsii","","Ground","Solitary",""
"anthophora erythrothorax","","Ground","Solitary",""
"anthophora estebana","","Ground","Solitary",""
"anthophora exigua","","Ground","Solitary",""
"anthophora fedorica","native","Ground","Solitary",""
"anthophora flavocincta","","Ground","Solitary",""
"anthophora flexipes","","Ground","Solitary",""
"anthophora forbesi","","Ground","Solitary",""
"anthophora fulvicauda","","Ground","Solitary",""
"anthophora furcata","introduced","Wood","Solitary",""
"anthophora harmalae","introduced","Ground","Solitary","Specialist"
"anthophora hololeuca","","Ground","Solitary",""
"anthophora krugeri","","Ground","Solitary",""
"anthophora lesquerellae","","Ground","Solitary",""
"anthophora linsleyi","","Ground","Solitary",""
"anthophora maculifrons","","Ground","Solitary","Generalist"
"anthophora marginata","","Ground","Solitary",""
"anthophora montana","native","Ground","Solitary","Generalist"
"anthophora mortuaria","","Ground","Solitary",""
"anthophora neglecta","","Ground","Solitary",""
"anthophora nigritula","","Ground","Solitary",""
"anthophora occidentalis","native","Ground","Solitary","Generalist"
"anthophora pachyodonta","","Ground","Solitary",""
"anthophora pacifica","native","Ground","Solitary","Generalist"
"anthophora perezi","","Ground","Solitary",""
"anthophora peritomae","","Ground","Solitary","Generalist"
"anthophora petrophila","","Ground","Solitary",""
"anthophora phaceliae","","Ground","Solitary",""
"anthophora phenax","","Ground","Solitary",""
"anthophora platti","","Ground","Solitary",""
"anthophora plumipes","introduced","Ground","Solitary","Generalist"
"anthophora porterae","","Ground","Solitary",""
"anthophora pygmaea","","Ground","Solitary",""
"anthophora raddei","","Ground","Solitary",""
"anthophora rhodothorax","","Ground","Solitary",""
"anthophora salazariae","","Ground","Solitary",""
"anthophora signata","","Ground","Solitary",""
"anthophora similis","","Ground","Solitary",""
"anthophora squammulosa","","Ground","Solitary",""
"anthophora terminalis","native","Ground","Solitary","Generalist"
"anthophora tricolor","","Ground","Solitary",""
"anthophora urbana","native","Ground","Solitary","Generalist"
"anthophora ursina","native","Ground","Solitary",""
"anthophora vallorum","","Ground","Solitary",""
"anthophora vannigera","","Ground","Solitary",""
"anthophora villosula","","Ground","Solitary",""
"anthophora walshii","native","Ground","Solitary","Generalist"
"anthophorula albata","","Ground","Communal",""
"anthophorula albicans","native","Ground","Communal",""
"anthophorula albovestita","","Ground","Communal",""
"anthophorula asteris","","Ground","Communal",""
"anthophorula beameri","","Ground","Communal",""
"anthophorula centralis","","Ground","Communal",""
"anthophorula cerei","","Ground","Communal",""
"anthophorula chionura","","Ground","Communal",""
"anthophorula chlorina","","Ground","Communal",""
"anthophorula cockerelli","","Ground","Communal",""
"anthophorula compactula","","Ground","Communal",""
"anthophorula completa","","Ground","Communal",""
"anthophorula consobrina","","Ground","Communal",""
"anthophorula cornigera","","Ground","Communal",""
"anthophorula crenulata","","Ground","Communal",""
"anthophorula deserticola","","Ground","Communal",""
"anthophorula eriogoni","","Ground","Communal",""
"anthophorula euphorbiae","","Ground","Communal",""
"anthophorula fuscicornis","","Ground","Communal",""
"anthophorula gutierreziae","","Ground","Communal",""
"anthophorula halli","","Ground","Communal",""
"anthophorula ignota","","Ground","Communal",""
"anthophorula imparilis","","Ground","Communal",""
"anthophorula interrupta","","Ground","Communal",""
"anthophorula micheneri","native","Ground","Communal",""
"anthophorula minima","","Ground","Communal",""
"anthophorula morgani","","Ground","Communal",""
"anthophorula morula","","Ground","Communal",""
"anthophorula nevadensis","","Ground","Communal",""
"anthophorula nitens","","Ground","Communal",""
"anthophorula palmarum","","Ground","Communal",""
"anthophorula parva","","Ground","Communal",""
"anthophorula pygmaea","","Ground","Communal",""
"anthophorula rozeni","","Ground","Communal",""
"anthophorula rufiventris","","Ground","Communal",""
"anthophorula scapalis","","Ground","Communal",""
"anthophorula sidae","","Ground","Communal",""
"anthophorula texana","","Ground","Communal",""
"anthophorula torticornis","","Ground","Communal",""
"anthophorula tricinctula","","Ground","Communal",""
"anthophorula varleyi","","Ground","Communal",""
"anthophorula yoloensis","","Ground","Communal",""
"apis mellifera","introduced","Open","Eusocial","Generalist"
"ashmeadiella altadenae","","Multiple","Solitary",""
"ashmeadiella aridula","","Multiple","Solitary",""
"ashmeadiella australis","","Multiple","Solitary",""
"ashmeadiella barberi","","Multiple","Solitary",""
"ashmeadiella bigeloviae","native","Multiple","Solitary",""
"ashmeadiella biscopula","","Multiple","Solitary",""
"ashmeadiella breviceps","","Multiple","Solitary",""
"ashmeadiella bucconis","native","Multiple","Solitary","Specialist"
"ashmeadiella cactorum","","Multiple","Solitary",""
"ashmeadiella californica","native","Multiple","Solitary","Specialist"
"ashmeadiella cazieri","","Multiple","Solitary",""
"ashmeadiella chumashae","","Multiple","Solitary",""
"ashmeadiella clypeodentata","","Multiple","Solitary",""
"ashmeadiella cockerelli","","Multiple","Solitary",""
"ashmeadiella cubiceps","native","Multiple","Solitary",""
"ashmeadiella difugita","","Multiple","Solitary",""
"ashmeadiella digiticauda","","Multiple","Solitary",""
"ashmeadiella dimalla","","Multiple","Solitary",""
"ashmeadiella erema","","Multiple","Solitary",""
"ashmeadiella eurynorhyncha","","Multiple","Solitary",""
"ashmeadiella femorata","native","Multiple","Solitary",""
"ashmeadiella floridana","native","Multiple","Solitary",""
"ashmeadiella foveata","","Multiple","Solitary","Generalist"
"ashmeadiella foxiella","","Multiple","Solitary",""
"ashmeadiella gillettei","","Multiple","Solitary",""
"ashmeadiella holtii","native","Multiple","Solitary",""
"ashmeadiella hurdiana","","Multiple","Solitary",""
"ashmeadiella inyoensis","native","Multiple","Solitary",""
"ashmeadiella lateralis","","Multiple","Solitary",""
"ashmeadiella leachi","","Multiple","Solitary",""
"ashmeadiella leucozona","","Multiple","Solitary",""
"ashmeadiella lutzi","","Multiple","Solitary",""
"ashmeadiella maxima","","Multiple","Solitary",""
"ashmeadiella meliloti","","Multiple","Solitary",""
"ashmeadiella micheneri","","Multiple","Solitary",""
"ashmeadiella neomexicana","","Multiple","Solitary",""
"ashmeadiella occipitalis","","Multiple","Solitary",""
"ashmeadiella opuntiae","","Multiple","Solitary",""
"ashmeadiella parkinsoniae","","Multiple","Solitary",""
"ashmeadiella pronitens","native","Multiple","Solitary",""
"ashmeadiella prosopidis","native","Multiple","Solitary",""
"ashmeadiella rhodognatha","native","Multiple","Solitary",""
"ashmeadiella rubrella","native","Multiple","Solitary",""
"ashmeadiella rufipes","","Multiple","Solitary",""
"ashmeadiella rufitarsis","","Multiple","Solitary",""
"ashmeadiella salviae","","Multiple","Solitary",""
"ashmeadiella sculleni","native","Multiple","Solitary",""
"ashmeadiella sonora","","Multiple","Solitary",""
"ashmeadiella stenognatha","","Multiple","Solitary",""
"ashmeadiella stevensi","","Multiple","Solitary",""
"ashmeadiella timberlakei","native","Multiple","Solitary",""
"ashmeadiella titusi","","Multiple","Solitary",""
"ashmeadiella truncativentris","","Multiple","Solitary",""
"ashmeadiella vandykiella","","Multiple","Solitary",""
"ashmeadiella xenomastax","native","Multiple","Solitary",""
"atoposmia abjecta","","Multiple","Solitary",""
"atoposmia anthodyta","","Multiple","Solitary",""
"atoposmia arizonensis","","Multiple","Solitary",""
"atoposmia beameri","","Multiple","Solitary",""
"atoposmia copelandica","","Multiple","Solitary",""
"atoposmia daleae","","Multiple","Solitary",""
"atoposmia elongata","","Multiple","Solitary",""
"atoposmia enceliae","","Multiple","Solitary",""
"atoposmia hebitis","","Multiple","Solitary",""
"atoposmia hemizoniae","","Multiple","Solitary",""
"atoposmia hypostomalis","","Multiple","Solitary",""
"atoposmia maryae","","Multiple","Solitary",""
"atoposmia mirifica","","Multiple","Solitary",""
"atoposmia namatophila","","Multiple","Solitary",""
"atoposmia nitidivitta","","Multiple","Solitary",""
"atoposmia oregona","","Multiple","Solitary",""
"atoposmia panamintensis","","Multiple","Solitary",""
"atoposmia phaceliarum","","Multiple","Solitary",""
"atoposmia pycnognatha","","Multiple","Solitary",""
"atoposmia robustula","","Multiple","Solitary",""
"atoposmia rupestris","","Multiple","Solitary",""
"atoposmia segregata","","Multiple","Solitary",""
"atoposmia timberlakei","","Multiple","Solitary",""
"atoposmia triodonta","","Multiple","Solitary",""
"atoposmia viguierae","","Multiple","Solitary",""
"augochlora antonita","","Wood","Solitary",""
"augochlora aurifera","","Wood","Solitary",""
"augochlora azteca","","Multiple","Solitary",""
"augochlora buscki","","Wood","Solitary",""
"augochlora caerulior","","Wood","Solitary",""
"augochlora haitiensis","","Multiple","Solitary",""
"augochlora mourei","","Wood","Solitary",""
"augochlora nigrocyanea","","Wood","Solitary",""
"augochlora notialis","","Multiple","Solitary",""
"augochlora perimelas","","Wood","Solitary",""
"augochlora pura","native","Wood","Solitary","Generalist"
"augochlorella aurata","native","Ground","Primitively Eusocial","Generalist"
"augochlorella bracteata","native","Ground","Primitively Eusocial","Generalist"
"augochlorella gratiosa","native","Ground","Primitively Eusocial","Generalist"
"augochlorella karankawa","","Ground","Primitively Eusocial",""
"augochlorella neglectula","native","Ground","Primitively Eusocial",""
"augochlorella persimilis","native","Ground","Primitively Eusocial","Generalist"
"augochlorella pomoniella","native","Ground","Primitively Eusocial",""
"augochloropsis anonyma","native","Ground","Communal","Generalist"
"augochloropsis metallica","native","Ground","Communal","Generalist"
"augochloropsis sumptuosa","native","Ground","Communal","Generalist"
"bombus affinis","native","Ground","Primitively Eusocial","Generalist"
"bombus appositus","native","Cavity","Primitively Eusocial","Generalist"
"bombus ashtoni","native","Host Nest","Parasitic","Generalist"
"bombus atratus","introduced","Multiple","Primitively Eusocial","Generalist"
"bombus auricomus","native","Open","Primitively Eusocial","Generalist"
"bombus balteatus","native","Cavity","Primitively Eusocial","Generalist"
"bombus bifarius","native","Cavity","Primitively Eusocial","Generalist"
"bombus bimaculatus","native","Cavity","Primitively Eusocial","Generalist"
"bombus bohemicus","introduced","Host Nest","Parasitic","Generalist"
"bombus borealis","native","Cavity","Primitively Eusocial","Generalist"
"bombus braccatus","","","","Generalist"
"bombus californicus","native","Cavity","Primitively Eusocial","Generalist"
"bombus caliginosus","native","Cavity","Primitively Eusocial","Generalist"
"bombus centralis","native","Cavity","Primitively Eusocial","Generalist"
"bombus citrinus","native","Host Nest","Parasitic","Generalist"
"bombus cockerelli","native","Cavity","Primitively Eusocial","Generalist"
"bombus crotchii","native","Cavity","Primitively Eusocial","Generalist"
"bombus distinguendus","introduced","Cavity","Primitively Eusocial","Generalist"
"bombus excellens","","","","Generalist"
"bombus ferganicus","","","","Generalist"
"bombus fernaldae","native","Host Nest","Parasitic","Generalist"
"bombus fervidus","native","Cavity","Primitively Eusocial","Generalist"
"bombus flavidus","introduced","Host Nest","Parasitic","Generalist"
"bombus flavifrons","native","Cavity","Primitively Eusocial","Generalist"
"bombus franklini","native","Cavity","Primitively Eusocial","Generalist"
"bombus fraternus","native","Cavity","Primitively Eusocial","Generalist"
"bombus frigidus","native","Cavity","Primitively Eusocial","Generalist"
"bombus griseocollis","native","Cavity","Primitively Eusocial","Generalist"
"bombus huntii","","Cavity","Primitively Eusocial","Generalist"
"bombus hyperboreus","native","Host Nest","Parasitic","Generalist"
"bombus hypnorum","introduced","Cavity","Primitively Eusocial","Generalist"
"bombus hypocrita","","","","Generalist"
"bombus impatiens","native","Cavity","Primitively Eusocial","Generalist"
"bombus insularis","native","Host Nest","Parasitic","Generalist"
"bombus intrudens","","Cavity","Primitively Eusocial","Generalist"
"bombus irisanensis","","","","Generalist"
"bombus jonellus","introduced","Cavity","Primitively Eusocial","Generalist"
"bombus lapidarius","introduced","Cavity","Primitively Eusocial","Generalist"
"bombus lapponicus","introduced","Cavity","Primitively Eusocial","Generalist"
"bombus lepidus","introduced","","","Generalist"
"bombus lucorum","introduced","Cavity","Primitively Eusocial","Generalist"
"bombus medius","","","","Generalist"
"bombus melanopygus","native","Cavity","Primitively Eusocial","Generalist"
"bombus mixtus","native","Cavity","Primitively Eusocial","Generalist"
"bombus modestus","","Cavity","Primitively Eusocial","Generalist"
"bombus morrisoni","native","Cavity","Primitively Eusocial","Generalist"
"bombus neoboreus","","Cavity","Primitively Eusocial","Generalist"
"bombus nevadensis","native","Cavity","Primitively Eusocial","Generalist"
"bombus nobilis","","","","Generalist"
"bombus novus","","","","Generalist"
"bombus occidentalis","native","Cavity","Primitively Eusocial","Generalist"
"bombus opifex","introduced","","","Generalist"
"bombus pascuorum","introduced","Cavity","Primitively Eusocial","Generalist"
"bombus pensylvanicus","native","Cavity","Primitively Eusocial","Generalist"
"bombus perplexus","native","Cavity","Primitively Eusocial","Generalist"
"bombus pleuralis","","","","Generalist"
"bombus polaris","native","Cavity","Primitively Eusocial","Generalist"
"bombus rotundiceps","","","","Generalist"
"bombus rufocinctus","native","Cavity","Primitively Eusocial","Generalist"
"bombus sandersoni","native","Cavity","Primitively Eusocial","Generalist"
"bombus simillimus","introduced","","","Generalist"
"bombus sitkensis","native","Cavity","Primitively Eusocial","Generalist"
"bombus sonorus","native","Cavity","Primitively Eusocial","Generalist"
"bombus soroeensis","introduced","Cavity","Primitively Eusocial","Generalist"
"bombus suckleyi","native","Host Nest","Parasitic","Generalist"
"bombus sylvicola","native","Cavity","Primitively Eusocial","Generalist"
"bombus ternarius","native","Cavity","Primitively Eusocial","Generalist"
"bombus terrestris","introduced","Cavity","Primitively Eusocial","Generalist"
"bombus terricola","native","Cavity","Primitively Eusocial","Generalist"
"bombus vagans","native","Cavity","Primitively Eusocial","Generalist"
"bombus vandykei","native","Cavity","Primitively Eusocial","Generalist"
"bombus variabilis","native","Host Nest","Parasitic","Generalist"
"bombus vosnesenskii","native","Host Nest","Parasitic","Generalist"
"bombus weisi","","Host Nest","Parasitic","Generalist"
"brachymelecta mucida","","","",""
"brachynomada annectens","native","Host Nest","Parasitic",""
"brachynomada grindeliae","","Host Nest","Parasitic",""
"brachynomada margaretae","","Host Nest","Parasitic",""
"brachynomada melanantha","","Host Nest","Parasitic",""
"brachynomada nimia","","Host Nest","Parasitic",""
"brachynomada sidaefloris","","Host Nest","Parasitic",""
"calliopsis andreniformis","native","Ground","Solitary","Generalist"
"calliopsis anomoptera","native","Ground","Solitary","Generalist"
"calliopsis anthidia","","Ground","Solitary",""
"calliopsis australior","","Ground","Solitary",""
"calliopsis barbata","native","Ground","Solitary",""
"calliopsis barri","native","Ground","Solitary","Specialist"
"calliopsis beamerorum","","Ground","Solitary",""
"calliopsis bernardinensis","","Ground","Solitary",""
"calliopsis boharti","","Ground","Solitary",""
"calliopsis callops","","Ground","Solitary",""
"calliopsis callosa","","Ground","Solitary",""
"calliopsis cazieri","","Ground","Solitary",""
"calliopsis chlorops","","Ground","Solitary",""
"calliopsis cincta","","Ground","Solitary",""
"calliopsis coloradensis","native","Ground","Solitary",""
"calliopsis coloratipes","","Ground","Solitary",""
"calliopsis comptula","","Ground","Solitary",""
"calliopsis crypta","","Ground","Solitary","Specialist"
"calliopsis deserticola","","Ground","Solitary",""
"calliopsis edwardsii","","Ground","Solitary",""
"calliopsis empelia","","Ground","Solitary",""
"calliopsis filiorum","native","Ground","Solitary",""
"calliopsis foleyi","","Ground","Solitary",""
"calliopsis fracta","native","Ground","Solitary","Generalist"
"calliopsis fulgida","","Ground","Solitary",""
"calliopsis gilva","","Ground","Solitary",""
"calliopsis granti","","Ground","Solitary",""
"calliopsis helenae","","Ground","Solitary",""
"calliopsis helianthi","","Ground","Solitary",""
"calliopsis hesperia","native","Ground","Solitary",""
"calliopsis hirsutifrons","","Ground","Solitary",""
"calliopsis hondurasica","","Ground","Solitary",""
"calliopsis larreae","","Ground","Solitary",""
"calliopsis limbus","","Ground","Solitary",""
"calliopsis linsleyi","native","Ground","Solitary","Generalist"
"calliopsis macswaini","","Ground","Solitary",""
"calliopsis meliloti","","Ground","Solitary",""
"calliopsis mellipes","","Ground","Solitary",""
"calliopsis michenerella","","Ground","Solitary",""
"calliopsis micheneri","","Ground","Solitary",""
"calliopsis nebraskensis","native","Ground","Solitary",""
"calliopsis nigromaculata","","Ground","Solitary",""
"calliopsis obscurella","","Ground","Solitary",""
"calliopsis pectidis","","Ground","Solitary","Specialist"
"calliopsis persimilis","","Ground","Solitary",""
"calliopsis personata","","Ground","Solitary",""
"calliopsis phaceliae","","Ground","Solitary",""
"calliopsis philiphunteri","","Ground","Solitary",""
"calliopsis puellae","native","Ground","Solitary","Generalist"
"calliopsis pugionis","native","Ground","Solitary","Specialist"
"calliopsis rhodophila","native","Ground","Solitary",""
"calliopsis rogeri","","Ground","Solitary",""
"calliopsis rozeni","","Ground","Solitary","Specialist"
"calliopsis scitula","","Ground","Solitary",""
"calliopsis scutellaris","native","Ground","Solitary","Generalist"
"calliopsis smithi","","Ground","Solitary",""
"calliopsis snellingi","","Ground","Solitary",""
"calliopsis squamifera","","Ground","Solitary",""
"calliopsis subalpina","native","Ground","Solitary","Generalist"
"calliopsis syphar","","Ground","Solitary",""
"calliopsis teucrii","","Ground","Solitary",""
"calliopsis timberlakei","","Ground","Solitary",""
"calliopsis trifolii","","Ground","Solitary",""
"calliopsis verbenae","","Ground","Solitary",""
"calliopsis xenus","","Ground","Solitary",""
"calliopsis zebrata","","Ground","Solitary",""
"calliopsis zonalis","native","Ground","Solitary","Specialist"
"caupolicana electa","native","Ground","Solitary",""
"caupolicana floridana","native","Ground","Solitary",""
"caupolicana ocellata","","Ground","Solitary",""
"caupolicana yarrowi","native","Ground","Solitary","Generalist"
"cemolobus ipomoeae","native","Ground","","Specialist"
"centris adani","","Ground","Solitary",""
"centris aethyctera","","Ground","Solitary",""
"centris analis","","Ground","Solitary",""
"centris angustifrons","","Ground","Solitary",""
"centris aterrima","","Ground","Solitary",""
"centris atripes","","Ground","Solitary",""
"centris caesalpiniae","","Ground","Solitary",""
"centris californica","","Ground","Solitary","Specialist"
"centris cockerelli","","Ground","Solitary",""
"centris decolorata","","Ground","Solitary",""
"centris dimidiata","","Ground","Solitary",""
"centris eisenii","introduced","Ground","Solitary",""
"centris errans","native","Ground","Solitary",""
"centris flavofasciata","","Ground","Solitary",""
"centris fluviatilis","","Ground","Solitary",""
"centris haemorrhoidalis","","Ground","Solitary",""
"centris hoffmanseggiae","native","Ground","Solitary",""
"centris lanipes","","Cavity","Solitary",""
"centris lanosa","native","Ground","Solitary",""
"centris mexicana","native","Ground","Solitary",""
"centris mourei","","Ground","Solitary",""
"centris nigrocaerulea","","Ground","Solitary",""
"centris nitida","introduced","Wood","Solitary","Specialist"
"centris pallida","native","Ground","Solitary",""
"centris rhodomelas","","Ground","Solitary",""
"centris rhodopus","","Ground","Solitary",""
"centris tiburonensis","","Ground","Solitary",""
"centris transversa","","Multiple","Solitary",""
"centris varia","","Ground","Solitary",""
"centris versicolor","","Ground","Solitary",""
"centris zacateca","","Ground","Solitary",""
"ceratina acantha","native","Wood","Subsocial","Generalist"
"ceratina apacheorum","native","Wood","Subsocial","Generalist"
"ceratina arizoniensis","native","Wood","Subsocial","Generalist"
"ceratina calcarata","native","Wood","Subsocial","Generalist"
"ceratina citriphila","","Wood","Subsocial","Generalist"
"ceratina cobaltina","introduced","Wood","Subsocial","Generalist"
"ceratina cockerelli","native","Wood","Subsocial","Generalist"
"ceratina dallatorreana","introduced","Wood","Subsocial","Generalist"
"ceratina dentipes","introduced","Wood","Subsocial",""
"ceratina diodonta","native","Wood","Subsocial","Generalist"
"ceratina dupla","native","Wood","Subsocial","Generalist"
"ceratina hurdi","native","Wood","Subsocial","Generalist"
"ceratina melanoptera","native","Wood","Subsocial","Generalist"
"ceratina micheneri","","Wood","Subsocial","Generalist"
"ceratina minuta","","Wood","Subsocial","Generalist"
"ceratina nanula","native","Wood","Subsocial","Generalist"
"ceratina nautlana","","Wood","Subsocial","Generalist"
"ceratina neomexicana","native","Wood","Subsocial","Generalist"
"ceratina pacifica","native","Wood","Subsocial","Generalist"
"ceratina punctigena","native","Wood","Subsocial","Generalist"
"ceratina rufipes","","Wood","Subsocial",""
"ceratina sequoiae","native","Wood","Subsocial","Specialist"
"ceratina shinnersi","","Wood","Subsocial","Generalist"
"ceratina smaragdula","introduced","Wood","Subsocial","Generalist"
"ceratina strenua","native","Wood","Subsocial","Generalist"
"ceratina tejonensis","native","Wood","Subsocial","Generalist"
"ceratina texana","","Wood","Subsocial","Generalist"
"ceratina tibialis","","Wood","Subsocial","Generalist"
"ceratina timberlakei","native","Wood","Subsocial","Generalist"
"chelostoma bernardinum","","Wood","Solitary","Specialist"
"chelostoma californicum","native","Wood","Solitary","Specialist"
"chelostoma campanularum","introduced","Wood","Solitary","Specialist"
"chelostoma cockerelli","","Wood","Solitary","Specialist"
"chelostoma incisulum","","Wood","Solitary","Specialist"
"chelostoma marginatum","","Wood","Solitary","Specialist"
"chelostoma minutum","","Wood","Solitary","Generalist"
"chelostoma phaceliae","","Wood","Solitary","Specialist"
"chelostoma philadelphi","native","Wood","Solitary","Specialist"
"chelostoma rapunculi","introduced","Wood","Solitary","Specialist"
"chelostoma tetramerum","","Wood","Solitary","Specialist"
"coelioxys abdominalis","","Host Nest","Parasitic",""
"coelioxys alternata","native","Host Nest","Parasitic","Specialist"
"coelioxys apacheorum","","Host Nest","Parasitic",""
"coelioxys aperta","","Host Nest","Parasitic",""
"coelioxys artemis","","Host Nest","Parasitic",""
"coelioxys asclepiadis","","Host Nest","Parasitic",""
"coelioxys banksi","native","Host Nest","Parasitic",""
"coelioxys bisoncornua","native","Host Nest","Parasitic",""
"coelioxys boharti","","Host Nest","Parasitic",""
"coelioxys brevis","","Host Nest","Parasitic",""
"coelioxys calabarensis","","Host Nest","Parasitic",""
"coelioxys coturnix","introduced","Host Nest","Parasitic",""
"coelioxys deani","","Host Nest","Parasitic",""
"coelioxys digitata","","Host Nest","Parasitic",""
"coelioxys dolichos","native","Host Nest","Parasitic",""
"coelioxys edentata","","Host Nest","Parasitic",""
"coelioxys edita","native","Host Nest","Parasitic",""
"coelioxys erysimi","","Host Nest","Parasitic",""
"coelioxys floridana","native","Host Nest","Parasitic",""
"coelioxys funeraria","native","Host Nest","Parasitic",""
"coelioxys galactiae","native","Host Nest","Parasitic",""
"coelioxys germana","native","Host Nest","Parasitic",""
"coelioxys gilensis","","Host Nest","Parasitic",""
"coelioxys gonaspis","","Host Nest","Parasitic",""
"coelioxys grindeliae","","Host Nest","Parasitic",""
"coelioxys hirsutissima","native","Host Nest","Parasitic",""
"coelioxys hunteri","native","Host Nest","Parasitic",""
"coelioxys immaculata","native","Host Nest","Parasitic",""
"coelioxys insita","","Host Nest","Parasitic",""
"coelioxys liberalis","","Host Nest","Parasitic",""
"coelioxys menthae","","Host Nest","Parasitic",""
"coelioxys mesae","","Host Nest","Parasitic",""
"coelioxys mexicana","native","Host Nest","Parasitic",""
"coelioxys mitchelli","native","Host Nest","Parasitic",""
"coelioxys modesta","native","Host Nest","Parasitic","Generalist"
"coelioxys moesta","native","Host Nest","Parasitic",""
"coelioxys nodis","","Host Nest","Parasitic",""
"coelioxys novomexicana","","Host Nest","Parasitic",""
"coelioxys obtusiventris","","Host Nest","Parasitic",""
"coelioxys octodentata","native","Host Nest","Parasitic",""
"coelioxys piercei","","Host Nest","Parasitic",""
"coelioxys porterae","native","Host Nest","Parasitic","Generalist"
"coelioxys pratti","","Host Nest","Parasitic",""
"coelioxys rufescens","introduced","Host Nest","Parasitic",""
"coelioxys rufitarsis","native","Host Nest","Parasitic",""
"coelioxys ruizi","","Host Nest","Parasitic",""
"coelioxys salinaria","","Host Nest","Parasitic",""
"coelioxys sanguinicollis","","Host Nest","Parasitic",""
"coelioxys sannicolarensis","","Host Nest","Parasitic",""
"coelioxys sayi","native","Host Nest","Parasitic","Generalist"
"coelioxys scitula","","Host Nest","Parasitic",""
"coelioxys serricaudata","","Host Nest","Parasitic",""
"coelioxys slossoni","native","Host Nest","Parasitic",""
"coelioxys sodalis","","Host Nest","Parasitic",""
"coelioxys soledadensis","native","Host Nest","Parasitic",""
"coelioxys texana","native","Host Nest","Parasitic",""
"coelioxys tiburonensis","","Host Nest","Parasitic",""
"colletes aberrans","native","Ground","Solitary",""
"colletes aestivalis","native","Ground","Solitary","Specialist"
"colletes albescens","native","Ground","Solitary",""
"colletes algarobiae","","Ground","Solitary",""
"colletes alini","","Ground","Solitary",""
"colletes americanus","native","Ground","Solitary","Specialist"
"colletes andrewsi","","Ground","Solitary",""
"colletes angelicus","","Ground","Solitary",""
"colletes annae","","Ground","Solitary",""
"colletes aridus","","Ground","Solitary",""
"colletes arizonensis","","Ground","Solitary",""
"colletes banksi","native","Ground","Solitary",""
"colletes beamerorum","","Ground","Solitary",""
"colletes birkmanni","","Ground","Solitary",""
"colletes bradleyi","","Ground","Solitary",""
"colletes brevicornis","native","Ground","Solitary",""
"colletes brimleyi","","Ground","Solitary",""
"colletes bryanti","native","Ground","Solitary","Generalist"
"colletes bulbotibialis","","Ground","Solitary",""
"colletes bumeliae","","Ground","Solitary",""
"colletes californicus","","Ground","Solitary",""
"colletes cercidii","","Ground","Solitary",""
"colletes chamaesarachae","","Ground","Solitary",""
"colletes ciliatoides","","Ground","Solitary",""
"colletes ciliatus","native","Ground","Solitary",""
"colletes clypeonitens","","Ground","Solitary",""
"colletes compactus","native","Ground","Solitary","Specialist"
"colletes consors","","Ground","Solitary",""
"colletes covilleae","","Ground","Solitary",""
"colletes creticus","introduced","Ground","Solitary","Generalist"
"colletes daleae","","Ground","Solitary",""
"colletes delodontus","","Ground","Solitary",""
"colletes deserticola","","Ground","Solitary",""
"colletes distinctus","native","Ground","Solitary",""
"colletes eulophi","","Ground","Solitary",""
"colletes fulgidus","","Ground","Solitary","Generalist"
"colletes genalis","","Ground","Solitary",""
"colletes gilensis","","Ground","Solitary",""
"colletes gypsicolens","","Ground","Solitary",""
"colletes howardi","native","Ground","Solitary",""
"colletes hyalinus","native","Ground","Solitary",""
"colletes impunctatus","native","Ground","Solitary",""
"colletes inaequalis","native","Ground","Solitary","Generalist"
"colletes intermixus","","Ground","Solitary",""
"colletes inuncantipedis","","Ground","Solitary",""
"colletes kansensis","","Ground","Solitary",""
"colletes kincaidii","native","Ground","Solitary",""
"colletes larreae","","Ground","Solitary",""
"colletes laticinctus","","Ground","Solitary",""
"colletes latitarsis","","Ground","Solitary","Specialist"
"colletes lineatus","","Ground","Solitary",""
"colletes linsleyi","","Ground","Solitary","Specialist"
"colletes longifacies","","Ground","Solitary",""
"colletes louisae","","Ground","Solitary",""
"colletes lucasi","","Ground","Solitary",""
"colletes lutzi","","Ground","Solitary",""
"colletes mandibularis","native","Ground","Solitary",""
"colletes mastochila","","Ground","Solitary",""
"colletes metzi","","Ground","Solitary",""
"colletes micheneri","","Ground","Solitary",""
"colletes mitchelli","","Ground","Solitary",""
"colletes nigrifrons","","Ground","Solitary","Generalist"
"colletes nitescens","","Ground","Solitary",""
"colletes nudus","native","Ground","Solitary",""
"colletes ochraceus","","Ground","Solitary",""
"colletes ottomanus","","Ground","Solitary",""
"colletes paniscus","","Ground","Solitary",""
"colletes perileucus","","Ground","Solitary",""
"colletes petalostemonis","","Ground","Solitary",""
"colletes phaceliae","native","Ground","Solitary","Generalist"
"colletes platycnema","","Ground","Solitary",""
"colletes productus","native","Ground","Solitary",""
"colletes prosopidis","","Ground","Solitary",""
"colletes punctipennis","","Ground","Solitary",""
"colletes robertsonii","native","Ground","Solitary",""
"colletes rubicola","","Ground","Solitary",""
"colletes rudis","","Ground","Solitary",""
"colletes rufocinctus","","Ground","Solitary","Specialist"
"colletes salicicola","","Ground","Solitary",""
"colletes saritensis","","Ground","Solitary",""
"colletes scopiventer","","Ground","Solitary",""
"colletes simulans","native","Ground","Solitary","Generalist"
"colletes skinneri","","Ground","Solitary",""
"colletes slevini","native","Ground","Solitary","Generalist"
"colletes solidaginis","native","Ground","Solitary",""
"colletes solitarius","","Ground","Solitary",""
"colletes speculiferus","","Ground","Solitary",""
"colletes sphaeralcea","","Ground","Solitary",""
"colletes spilopterus","","Ground","Solitary",""
"colletes stepheni","","Ground","Solitary","Specialist"
"colletes susannae","native","Ground","Solitary","Specialist"
"colletes swenki","","Ground","Solitary",""
"colletes tectiventris","","Ground","Solitary",""
"colletes texanus","","Ground","Solitary",""
"colletes thoracicus","native","Ground","Solitary","Generalist"
"colletes thysanellae","","Ground","Solitary",""
"colletes timberlakei","","Ground","Solitary",""
"colletes titusensis","native","Ground","Solitary",""
"colletes trigonatus","","Ground","Solitary",""
"colletes turgiventris","","Ground","Solitary",""
"colletes validus","native","Ground","Solitary","Generalist"
"colletes vandykei","","Ground","Solitary",""
"colletes wickhami","","Ground","Solitary",""
"colletes willistoni","native","Ground","Solitary",""
"colletes wilmattae","native","Ground","Solitary",""
"colletes wootoni","","Ground","Solitary",""
"colletes xerophilus","","Ground","Solitary",""
"conanthalictus bakeri","","Ground","Communal","Specialist"
"conanthalictus caerulescens","","Ground","Communal","Specialist"
"conanthalictus cockerelli","","Ground","Communal","Specialist"
"conanthalictus conanthi","","Ground","Communal","Specialist"
"conanthalictus cotullensis","","Ground","Communal","Specialist"
"conanthalictus deserticola","","Ground","Communal","Specialist"
"conanthalictus macrops","","Ground","Communal","Specialist"
"conanthalictus mentzeliae","","Ground","Communal","Specialist"
"conanthalictus minor","","Ground","Communal","Specialist"
"conanthalictus namatophilus","","Ground","Communal","Specialist"
"conanthalictus nigricans","","Ground","Communal","Specialist"
"conanthalictus seminiger","","Ground","Communal","Specialist"
"conanthalictus wilmattae","","Ground","Communal","Specialist"
"diadasia afflicta","","Ground","Solitary","Specialist"
"diadasia afflictula","","Ground","Solitary",""
"diadasia angusticeps","","Ground","Solitary",""
"diadasia australis","","Ground","Solitary",""
"diadasia bituberculata","native","Ground","Solitary",""
"diadasia consociata","","Ground","Solitary",""
"diadasia diminuta","","Ground","Solitary",""
"diadasia enavata","native","Ground","Solitary","Specialist"
"diadasia friesei","","Ground","Solitary",""
"diadasia laticauda","","Ground","Solitary",""
"diadasia lutzi","","Ground","Solitary",""
"diadasia martialis","","Ground","Solitary",""
"diadasia megamorpha","","Ground","Solitary",""
"diadasia nigrifrons","","Ground","Solitary",""
"diadasia nitidifrons","","Ground","Solitary",""
"diadasia ochracea","","Ground","Solitary",""
"diadasia olivacea","","Ground","Solitary",""
"diadasia opuntiae","","Ground","Solitary",""
"diadasia palmarum","","Ground","Solitary",""
"diadasia piercei","","Ground","Solitary",""
"diadasia rinconis","native","Ground","Solitary",""
"diadasia sphaeralcearum","","Ground","Solitary",""
"diadasia tropicalis","","Ground","Solitary",""
"diadasia tuberculifrons","","Ground","Solitary",""
"diadasia vallicola","","Ground","Solitary",""
"dianthidium arizonicum","native","Cavity","Solitary",""
"dianthidium concinnum","","Cavity","Solitary",""
"dianthidium cressonii","","Cavity","Solitary",""
"dianthidium curvatum","native","Cavity","Solitary","Specialist"
"dianthidium desertorum","","Cavity","Solitary",""
"dianthidium discors","","Cavity","Solitary",""
"dianthidium dubium","","Cavity","Solitary","Generalist"
"dianthidium floridiense","native","Cavity","Solitary",""
"dianthidium heterulkei","","Cavity","Solitary",""
"dianthidium implicatum","native","Cavity","Solitary",""
"dianthidium macrurum","","Cavity","Solitary",""
"dianthidium marshi","","Cavity","Solitary",""
"dianthidium parkeri","","Cavity","Solitary",""
"dianthidium parvum","native","Cavity","Solitary",""
"dianthidium platyurum","native","Cavity","Solitary",""
"dianthidium plenum","native","Cavity","Solitary",""
"dianthidium pudicum","native","Cavity","Solitary",""
"dianthidium simile","native","Cavity","Solitary","Generalist"
"dianthidium singulare","native","Cavity","Solitary",""
"dianthidium subparvum","native","Cavity","Solitary",""
"dianthidium subrufulum","","Cavity","Solitary",""
"dianthidium texanum","","Cavity","Solitary",""
"dianthidium ulkei","native","Cavity","Solitary","Generalist"
"dieunomia apacha","","Ground","Solitary","Specialist"
"dieunomia boharti","","Ground","Solitary","Specialist"
"dieunomia bolliana","","Ground","Solitary","Specialist"
"dieunomia heteropoda","native","Ground","Solitary","Specialist"
"dieunomia mesillae","","Ground","Solitary","Specialist"
"dieunomia micheneri","","Ground","Solitary","Specialist"
"dieunomia nevadensis","","Ground","Solitary","Specialist"
"dieunomia triangulifera","","Ground","Solitary","Specialist"
"dieunomia xerophila","","Ground","Solitary","Specialist"
"dioxys aurifusca","","Host Nest","Parasitic",""
"dioxys pomonae","","Host Nest","Parasitic",""
"dioxys producta","","Host Nest","Parasitic",""
"dioxys rohweri","","Host Nest","Parasitic",""
"dufourea afasciata","","Ground","Solitary","Specialist"
"dufourea australis","","Ground","Solitary","Specialist"
"dufourea bernardina","","Ground","Solitary","Specialist"
"dufourea bifida","","Ground","Solitary","Specialist"
"dufourea boharti","","Ground","Solitary","Specialist"
"dufourea boregoensis","","Ground","Solitary","Specialist"
"dufourea brevicornis","","Ground","Solitary","Specialist"
"dufourea calientensis","","Ground","Solitary","Specialist"
"dufourea californica","","Ground","Solitary","Specialist"
"dufourea calochorti","","Ground","Solitary","Specialist"
"dufourea campanulae","","Ground","Solitary","Specialist"
"dufourea contarovici","","Ground","Solitary","Specialist"
"dufourea convergens","","Ground","Solitary",""
"dufourea crassipes","","Ground","Solitary",""
"dufourea cuprea","","Ground","Solitary","Specialist"
"dufourea davidsoni","","Ground","Solitary","Specialist"
"dufourea dentipes","","Ground","Solitary","Specialist"
"dufourea desertorum","","Ground","Solitary","Specialist"
"dufourea dilatipes","","Ground","Solitary","Specialist"
"dufourea echinocacti","native","Ground","Solitary","Specialist"
"dufourea fallugiae","","Ground","Solitary","Specialist"
"dufourea femorata","","Ground","Solitary","Specialist"
"dufourea fimbriata","","Ground","Solitary","Specialist"
"dufourea gilia","","Ground","Solitary","Specialist"
"dufourea holocyanea","","Ground","Solitary","Specialist"
"dufourea impunctata","","Ground","Solitary","Specialist"
"dufourea latifrons","","Ground","Solitary","Specialist"
"dufourea leachi","","Ground","Solitary","Specialist"
"dufourea linanthi","","Ground","Solitary","Specialist"
"dufourea longiceps","","Ground","Solitary","Specialist"
"dufourea macswaini","","Ground","Solitary","Specialist"
"dufourea malacothricis","","Ground","Solitary","Specialist"
"dufourea marginata","native","Ground","Solitary","Generalist"
"dufourea maura","native","Ground","Solitary","Specialist"
"dufourea moldenkei","","Ground","Solitary","Specialist"
"dufourea monardae","native","Ground","Solitary","Specialist"
"dufourea mulleri","","Ground","Solitary","Specialist"
"dufourea nemophilae","","Ground","Solitary","Specialist"
"dufourea neocalifornica","","Ground","Solitary","Specialist"
"dufourea neovernalis","","Ground","Solitary","Specialist"
"dufourea novaeangliae","native","Ground","Solitary","Specialist"
"dufourea nudicornis","","Ground","Solitary","Specialist"
"dufourea oenotherae","","Ground","Solitary","Specialist"
"dufourea orovada","","Ground","Solitary","Specialist"
"dufourea oryx","","Ground","Solitary",""
"dufourea pectinipes","","Ground","Solitary","Specialist"
"dufourea pulchricornis","","Ground","Solitary","Specialist"
"dufourea rhamni","","Ground","Solitary","Specialist"
"dufourea sandhouseae","","Ground","Solitary","Specialist"
"dufourea saundersi","","Ground","Solitary","Specialist"
"dufourea scabricornis","","Ground","Solitary","Specialist"
"dufourea scintilla","","Ground","Solitary","Specialist"
"dufourea snellingi","","Ground","Solitary","Specialist"
"dufourea sparsipunctata","","Ground","Solitary","Specialist"
"dufourea spilura","","Ground","Solitary","Specialist"
"dufourea spinifera","","Ground","Solitary","Specialist"
"dufourea stagei","","Ground","Solitary","Specialist"
"dufourea subdavidsoni","","Ground","Solitary","Specialist"
"dufourea tarsata","","Ground","Solitary","Specialist"
"dufourea timberlakei","","Ground","Solitary",""
"dufourea tinsleyi","","Ground","Solitary","Specialist"
"dufourea trochantera","","Ground","Solitary","Specialist"
"dufourea truncata","","Ground","Solitary","Specialist"
"dufourea tularensis","","Ground","Solitary","Specialist"
"dufourea tuolumne","","Ground","Solitary","Specialist"
"dufourea vanduzeei","","Ground","Solitary","Specialist"
"dufourea vandykei","","Ground","Solitary","Specialist"
"dufourea vernalis","","Ground","Solitary","Specialist"
"dufourea versatilis","native","Ground","Solitary","Generalist"
"dufourea virgata","","Ground","Solitary","Specialist"
"dufourea viridescens","","Ground","Solitary",""
"dufourea viridis","","Ground","Solitary","Specialist"
"epeoloides pilosula","native","Host Nest","Parasitic","Specialist"
"epeolus ainsliei","","Host Nest","Parasitic",""
"epeolus alatus","","Host Nest","Parasitic",""
"epeolus americanus","","Host Nest","Parasitic",""
"epeolus asperatus","","Host Nest","Parasitic",""
"epeolus australis","","Host Nest","Parasitic",""
"epeolus autumnalis","native","Host Nest","Parasitic",""
"epeolus banksi","","Host Nest","Parasitic",""
"epeolus barberiellus","","Host Nest","Parasitic",""
"epeolus beulahensis","","Host Nest","Parasitic",""
"epeolus bifasciatus","native","Host Nest","Parasitic",""
"epeolus canadensis","","Host Nest","Parasitic",""
"epeolus carolinus","native","Host Nest","Parasitic",""
"epeolus compactus","","Host Nest","Parasitic",""
"epeolus crucis","","Host Nest","Parasitic",""
"epeolus erigeronis","","Host Nest","Parasitic",""
"epeolus flavofasciatus","","Host Nest","Parasitic",""
"epeolus floridensis","","Host Nest","Parasitic",""
"epeolus fumipennis","","Host Nest","Parasitic",""
"epeolus gabrielis","","Host Nest","Parasitic",""
"epeolus glabratus","native","Host Nest","Parasitic",""
"epeolus hitei","","Host Nest","Parasitic",""
"epeolus howardi","","Host Nest","Parasitic",""
"epeolus humillimus","","Host Nest","Parasitic",""
"epeolus ilicis","","Host Nest","Parasitic",""
"epeolus interruptus","native","Host Nest","Parasitic",""
"epeolus lectoides","native","Host Nest","Parasitic","Generalist"
"epeolus lectus","","Host Nest","Parasitic",""
"epeolus lutzi","","Host Nest","Parasitic",""
"epeolus mesillae","native","Host Nest","Parasitic",""
"epeolus minimus","native","Host Nest","Parasitic",""
"epeolus minutus","","Host Nest","Parasitic",""
"epeolus novomexicanus","","Host Nest","Parasitic",""
"epeolus olympiellus","","Host Nest","Parasitic",""
"epeolus pusillus","native","Host Nest","Parasitic","Generalist"
"epeolus scutellaris","native","Host Nest","Parasitic","Generalist"
"epeolus siculus","","Host Nest","Parasitic",""
"epeolus tarsalis","","Host Nest","Parasitic",""
"epeolus vernalis","native","Host Nest","Parasitic",""
"epeolus zonatus","native","Host Nest","Parasitic",""
"ericrocis lata","native","Host Nest","Parasitic",""
"ericrocis pintada","native","Host Nest","Parasitic",""
"eucera acerba","","Ground","Solitary",""
"eucera actuosa","","Ground","Solitary",""
"eucera albescens","","Ground","Solitary",""
"eucera amoena","","Ground","Solitary",""
"eucera amsinckiae","","Ground","Solitary",""
"eucera angustifrons","","Ground","Solitary",""
"eucera aragalli","","Ground","Solitary",""
"eucera argyrophila","","Ground","Solitary",""
"eucera atriventris","native","Ground","Solitary",""
"eucera bakeri","","Ground","Solitary",""
"eucera belfragei","","Ground","Solitary",""
"eucera birkmanniella","","Ground","Solitary",""
"eucera californica","","Ground","Solitary",""
"eucera carinata","","Ground","Solitary",""
"eucera cercidis","","Ground","Solitary",""
"eucera chrysobotryae","","Ground","Solitary",""
"eucera chrysophila","","Ground","Solitary",""
"eucera cordleyi","native","Ground","Solitary",""
"eucera delphinii","","Ground","Solitary",""
"eucera distincta","","Ground","Solitary",""
"eucera dorsata","","Ground","Solitary",""
"eucera douglasiana","","Ground","Solitary",""
"eucera dubitata","","Ground","Solitary",""
"eucera edwardsii","","Ground","Solitary",""
"eucera frater","native","Ground","Solitary",""
"eucera fulvitarsis","","Ground","Solitary",""
"eucera fulvohirta","native","Ground","Solitary",""
"eucera hamata","native","Ground","Solitary","Generalist"
"eucera hurdi","","Ground","Solitary",""
"eucera illinoensis","native","Ground","Solitary",""
"eucera lepida","","Ground","Solitary",""
"eucera lunata","","Ground","Solitary",""
"eucera lutziana","","Ground","Solitary",""
"eucera lycii","","Ground","Solitary",""
"eucera mohavensis","","Ground","Solitary",""
"eucera monozona","","Ground","Solitary",""
"eucera pallidihirta","","Ground","Solitary",""
"eucera phaceliae","","Ground","Solitary",""
"eucera pomona","","Ground","Solitary",""
"eucera primiveris","","Ground","Solitary",""
"eucera quadricincta","","Ground","Solitary",""
"eucera rosae","native","Ground","Solitary",""
"eucera speciosa","","Ground","Solitary",""
"eucera stretchii","","Ground","Solitary",""
"eucera suavis","","Ground","Solitary",""
"eucera territella","","Ground","Solitary",""
"eucera texana","","Ground","Solitary",""
"eucera tricinctella","","Ground","Solitary",""
"eucera truttae","","Ground","Solitary",""
"eucera venusta","","Ground","Solitary",""
"eucera virgata","","Ground","Solitary",""
"eucera zonata","","Ground","Solitary",""
"eulaema polychroma","","","",""
"eulonchopria punctatissima","","Ground","Solitary","Specialist"
"exomalopsis amoena","","Ground","Communal",""
"exomalopsis analis","","Ground","Communal",""
"exomalopsis bahamica","","Ground","Solitary",""
"exomalopsis birkmanni","","Ground","Communal",""
"exomalopsis dimidiata","","Ground","Communal",""
"exomalopsis fumipennis","","Ground","Communal",""
"exomalopsis hurdi","","Ground","Communal",""
"exomalopsis mellipes","native","Ground","Communal",""
"exomalopsis pubescens","","Ground","Communal",""
"exomalopsis pulchella","","Ground","Solitary",""
"exomalopsis similis","","Ground","Communal",""
"exomalopsis snowi","","Ground","Communal",""
"exomalopsis solani","","Ground","Communal","Generalist"
"exomalopsis solidaginis","","Ground","Communal","Generalist"
"exomalopsis tibialis","","Ground","Communal",""
"florilegus condignus","native","Ground","","Generalist"
"gaesischia exul","","Ground","",""
"habropoda cineraria","","Ground","Solitary",""
"habropoda citula","","Ground","Solitary",""
"habropoda cressonii","","Ground","Solitary",""
"habropoda dammersi","","Ground","Solitary",""
"habropoda depressa","native","Ground","Solitary","Generalist"
"habropoda excellens","","Ground","Solitary",""
"habropoda laboriosa","native","Ground","Solitary","Specialist"
"habropoda miserabilis","native","Ground","Solitary",""
"habropoda morrisoni","","Ground","Solitary",""
"habropoda murihirta","","Ground","Solitary",""
"habropoda pallida","native","Ground","Solitary","Specialist"
"habropoda salviae","","Ground","Solitary",""
"habropoda salviarum","","Ground","Solitary",""
"habropoda semifulva","","Ground","Solitary",""
"habropoda tristissima","native","Ground","Solitary","Generalist"
"habropoda vierecki","","Ground","Solitary",""
"halictus centaureae","","Ground","Plastic","Generalist"
"halictus chalybaeus","","Ground","Plastic","Generalist"
"halictus compressus","introduced","Ground","Plastic","Generalist"
"halictus concinnus","introduced","Ground","Plastic","Generalist"
"halictus confusus","native","Ground","Plastic","Generalist"
"halictus consobrinus","introduced","Ground","Plastic","Generalist"
"halictus cyanellus","","Ground","Plastic","Generalist"
"halictus cypricus","","Ground","Plastic","Generalist"
"halictus diductus","","Ground","Plastic","Generalist"
"halictus farinosus","native","Ground","Plastic","Generalist"
"halictus fulvipes","","Ground","Plastic","Generalist"
"halictus graecus","","Ground","Plastic","Generalist"
"halictus harmonius","native","Ground","Plastic","Generalist"
"halictus inpilosus","introduced","Ground","Plastic","Generalist"
"halictus lanei","introduced","Ground","Plastic","Generalist"
"halictus ligatus","native","Ground","Plastic","Generalist"
"halictus lucidipennis","","Ground","Plastic","Generalist"
"halictus maculatus","native","Ground","Plastic","Generalist"
"halictus magnus","","Ground","Plastic","Generalist"
"halictus nivalis","","Ground","Plastic","Generalist"
"halictus palustris","","Ground","Plastic","Generalist"
"halictus parallelus","native","Ground","Plastic","Generalist"
"halictus pentheri","","Ground","Plastic","Generalist"
"halictus perfumidus","","Ground","Plastic","Generalist"
"halictus perileucus","","Ground","Plastic","Generalist"
"halictus petraeus","","Ground","Plastic","Generalist"
"halictus pici","","Ground","Plastic","Generalist"
"halictus placatus","","Ground","Plastic","Generalist"
"halictus poeyi","native","Ground","Plastic","Generalist"
"halictus resurgens","","Ground","Plastic","Generalist"
"halictus rossicus","introduced","Ground","Plastic","Generalist"
"halictus rubicundus","native","Ground","Plastic","Generalist"
"halictus sajoi","","Ground","Plastic","Generalist"
"halictus sexcinctus","introduced","Ground","Plastic","Generalist"
"halictus tectus","introduced","Ground","Plastic","Generalist"
"halictus tripartitus","native","Ground","Plastic","Generalist"
"halictus tumulorum","introduced","Ground","Plastic","Generalist"
"halictus virgatellus","native","Ground","Plastic","Generalist"
"halictus yunnanicus","","Ground","Plastic","Generalist"
"halictus zonatus","","Ground","Plastic","Generalist"
"heriades carinata","","Multiple","Solitary","Generalist"
"heriades civicus","","Wood","Solitary","Generalist"
"heriades cressoni","","Wood","Solitary","Generalist"
"heriades crucifer","","Wood","Solitary","Generalist"
"heriades curviventris","","Wood","Solitary","Generalist"
"heriades glomerans","native","Wood","Solitary","Generalist"
"heriades gracilior","native","Wood","Solitary","Generalist"
"heriades leavitti","native","Wood","Solitary","Generalist"
"heriades micheneri","","Wood","Solitary","Generalist"
"heriades micropthalma","","Wood","Solitary","Generalist"
"heriades occidentalis","","Wood","Solitary","Generalist"
"heriades paganensis","","Wood","Solitary","Generalist"
"heriades texanus","","Wood","Solitary","Generalist"
"heriades timberlakei","","Wood","Solitary","Generalist"
"heriades variolosus","native","Wood","Solitary","Generalist"
"hesperapis arenicola","","Wood","Solitary","Specialist"
"hesperapis arida","","Wood","Solitary","Specialist"
"hesperapis carinata","native","Wood","Solitary","Specialist"
"hesperapis elegantula","","Wood","Solitary","Specialist"
"hesperapis fuchsi","","Wood","Solitary","Specialist"
"hesperapis fulvipes","","Wood","Solitary","Specialist"
"hesperapis ilicifoliae","","Wood","Solitary","Specialist"
"hesperapis larreae","","Wood","Solitary","Specialist"
"hesperapis laticeps","","Wood","Solitary","Specialist"
"hesperapis leucura","","Wood","Solitary","Specialist"
"hesperapis macrocephala","","Ground","Solitary",""
"hesperapis nitidula","","Ground","Solitary","Specialist"
"hesperapis oliviae","","Ground","Solitary","Specialist"
"hesperapis oraria","native","Ground","Solitary","Specialist"
"hesperapis parva","","Ground","Solitary","Specialist"
"hesperapis pellucida","","Ground","Solitary","Specialist"
"hesperapis regularis","native","Ground","Solitary","Specialist"
"hesperapis rhodocerata","","Ground","Solitary","Specialist"
"hesperapis rodecki","","Ground","Solitary",""
"hesperapis rufipes","","Ground","Solitary","Specialist"
"hesperapis rufiventris","","Ground","Solitary","Specialist"
"hesperapis trochanterata","","Ground","Solitary","Specialist"
"hexepeolus rhodogyne","native","Host Nest","Parasitic",""
"holcopasites apacheorum","native","Host Nest","Parasitic","Specialist"
"holcopasites arizonicus","","Host Nest","Parasitic","Specialist"
"holcopasites bohartorum","","Host Nest","Parasitic",""
"holcopasites calliopsidis","native","Host Nest","Parasitic","Specialist"
"holcopasites cazieri","","Host Nest","Parasitic",""
"holcopasites eamia","","Host Nest","Parasitic","Specialist"
"holcopasites haematurus","native","Host Nest","Parasitic","Specialist"
"holcopasites heliopsis","native","Host Nest","Parasitic","Specialist"
"holcopasites illinoiensis","native","Host Nest","Parasitic","Specialist"
"holcopasites insoletus","","Host Nest","Parasitic","Specialist"
"holcopasites jerryrozeni","","Host Nest","Parasitic","Specialist"
"holcopasites linsleyi","","Host Nest","Parasitic",""
"holcopasites minimus","","Host Nest","Parasitic","Specialist"
"holcopasites pulchellus","native","Host Nest","Parasitic","Specialist"
"holcopasites rozeni","native","Host Nest","Parasitic","Specialist"
"holcopasites ruthae","","Host Nest","Parasitic","Specialist"
"holcopasites stevensi","native","Host Nest","Parasitic","Specialist"
"holcopasites tegularis","native","Host Nest","Parasitic","Specialist"
"hoplitis albifrons","native","Cavity","Solitary",""
"hoplitis anthocopoides","introduced","Multiple","Plastic",""
"hoplitis basingeri","","Cavity","Solitary",""
"hoplitis bidenticauda","","Cavity","Solitary",""
"hoplitis biscutellae","","Cavity","Solitary",""
"hoplitis boharti","","Cavity","Solitary",""
"hoplitis brachyodonta","","Cavity","Solitary",""
"hoplitis bullifacies","","Cavity","Solitary",""
"hoplitis bunocephala","","Cavity","Solitary",""
"hoplitis caudex","","Cavity","Solitary",""
"hoplitis colei","","Cavity","Solitary",""
"hoplitis cryptanthae","","Cavity","Solitary",""
"hoplitis deserticola","","Cavity","Solitary",""
"hoplitis elongaticeps","","Cavity","Solitary",""
"hoplitis emarginata","","Cavity","Solitary",""
"hoplitis evansi","","Cavity","Solitary",""
"hoplitis fulgida","native","Cavity","Solitary","Generalist"
"hoplitis fulva","","Cavity","Solitary",""
"hoplitis graeca","introduced","Cavity","Solitary","Specialist"
"hoplitis grinnelli","","Cavity","Solitary",""
"hoplitis hamulicornis","","Cavity","Solitary",""
"hoplitis howardi","","Cavity","Solitary",""
"hoplitis hypocrita","","Cavity","Solitary",""
"hoplitis idalia","","Cavity","Solitary",""
"hoplitis incanescens","","Cavity","Solitary",""
"hoplitis jacintana","","Cavity","Solitary",""
"hoplitis laevibullata","","Cavity","Solitary",""
"hoplitis linsdalei","","Cavity","Solitary",""
"hoplitis louisae","","Cavity","Solitary",""
"hoplitis mazzuccoi","","Cavity","Solitary",""
"hoplitis micheneri","","Cavity","Solitary",""
"hoplitis mojavensis","","Cavity","Solitary",""
"hoplitis nanula","","Cavity","Solitary",""
"hoplitis nigrella","","Cavity","Solitary",""
"hoplitis orthognatha","","Cavity","Solitary",""
"hoplitis paiute","","Cavity","Solitary",""
"hoplitis palmarum","","Cavity","Solitary",""
"hoplitis paroselae","","Cavity","Solitary",""
"hoplitis pici","","Cavity","Solitary",""
"hoplitis pilosifrons","native","Cavity","Solitary","Generalist"
"hoplitis plagiostoma","","Cavity","Solitary",""
"hoplitis princeps","","Cavity","Solitary",""
"hoplitis producta","native","Cavity","Solitary","Generalist"
"hoplitis pygmaea","","Cavity","Solitary",""
"hoplitis ravouxi","introduced","Cavity","Solitary","Generalist"
"hoplitis reducta","","Cavity","Solitary",""
"hoplitis remotula","","Cavity","Solitary",""
"hoplitis robusta","","Cavity","Solitary",""
"hoplitis samarkanda","","Cavity","Solitary",""
"hoplitis sambuci","","Cavity","Solitary","Generalist"
"hoplitis seminigra","","Cavity","Solitary",""
"hoplitis semirubra","","Cavity","Solitary",""
"hoplitis shoshone","","Cavity","Solitary",""
"hoplitis similis","","Cavity","Solitary",""
"hoplitis simplex","native","Cavity","Solitary","Generalist"
"hoplitis spoliata","native","Cavity","Solitary",""
"hoplitis torchioi","","Cavity","Solitary",""
"hoplitis tristis","","Cavity","Solitary",""
"hoplitis truicauda","","Cavity","Solitary",""
"hoplitis truncata","native","Cavity","Solitary","Generalist"
"hoplitis uvulalis","","Cavity","Solitary",""
"hoplitis viridimicans","","Cavity","Solitary",""
"hoplitis xerophila","","Cavity","Solitary",""
"hoplitis zuni","","Cavity","Solitary",""
"hoplostelis bivittata","","","",""
"hylaeus aenigmus","","","Solitary",""
"hylaeus affinis","native","Multiple","Solitary","Generalist"
"hylaeus akoko","native","","Solitary",""
"hylaeus albonitens","introduced","","Solitary",""
"hylaeus andrenoides","native","","Solitary",""
"hylaeus angustulus","native","","Solitary",""
"hylaeus annulatus","native","Multiple","Solitary","Generalist"
"hylaeus anomalus","native","Multiple","Solitary",""
"hylaeus anthracinus","native","Multiple","Solitary",""
"hylaeus asininus","","Multiple","Solitary",""
"hylaeus assimulans","native","Ground","Solitary",""
"hylaeus basalis","native","Multiple","Solitary","Generalist"
"hylaeus calvus","native","Multiple","Solitary","Generalist"
"hylaeus chlorostictus","native","","Solitary",""
"hylaeus coloradensis","","Multiple","Solitary",""
"hylaeus confluens","native","Multiple","Solitary",""
"hylaeus coniceps","native","Multiple","Solitary",""
"hylaeus connectens","native","Multiple","Solitary",""
"hylaeus conspicuus","","Multiple","Solitary",""
"hylaeus cookii","","Multiple","Solitary",""
"hylaeus crabronoides","native","","Solitary",""
"hylaeus crassanus","introduced","Multiple","Solitary",""
"hylaeus difficilis","native","Ground","Solitary",""
"hylaeus dimidiatus","native","Wood","Solitary",""
"hylaeus dumetorum","native","Multiple","Solitary",""
"hylaeus episcopalis","native","Multiple","Solitary","Generalist"
"hylaeus facilis","native","Ground","Solitary",""
"hylaeus fedorica","native","Multiple","Solitary",""
"hylaeus filicum","native","","Solitary",""
"hylaeus finitimus","native","Ground","Solitary",""
"hylaeus flammipes","native","Cavity","Solitary","Generalist"
"hylaeus flavifrons","native","Stem","Solitary",""
"hylaeus flavipes","native","Ground","Solitary",""
"hylaeus floridanus","native","Multiple","Solitary",""
"hylaeus formosus","native","Multiple","Solitary",""
"hylaeus fuscipennis","native","","Solitary",""
"hylaeus gaigei","","Multiple","Solitary",""
"hylaeus georgicus","native","Multiple","Solitary",""
"hylaeus gliddenae","native","Multiple","Solitary",""
"hylaeus globuliferus","","Multiple","Solitary",""
"hylaeus graenicheri","native","Multiple","Solitary",""
"hylaeus granulatus","native","Multiple","Solitary",""
"hylaeus guamensis","","","Solitary",""
"hylaeus haleakalae","native","","Solitary",""
"hylaeus hellenicus","introduced","Multiple","Solitary",""
"hylaeus hilaris","native","","Parasitic",""
"hylaeus hirsutulus","native","","Solitary",""
"hylaeus hostilis","native","","Parasitic",""
"hylaeus hula","native","Wood","Solitary",""
"hylaeus hurdi","","Multiple","Solitary",""
"hylaeus hyalinatus","introduced","Multiple","Solitary",""
"hylaeus iheringi","","Multiple","Solitary",""
"hylaeus illinoisensis","native","Multiple","Solitary",""
"hylaeus inquilina","native","","Parasitic",""
"hylaeus insolitus","","Multiple","Solitary",""
"hylaeus kauaiensis","native","","Solitary",""
"hylaeus kokeensis","native","","Solitary",""
"hylaeus kona","native","Wood","Solitary",""
"hylaeus kuakea","native","","Solitary",""
"hylaeus kukui","native","","Solitary",""
"hylaeus labiatifrons","","","Solitary",""
"hylaeus laetus","native","Multiple","Solitary",""
"hylaeus leptocephalus","introduced","Multiple","Solitary",""
"hylaeus leviceps","","Multiple","Solitary",""
"hylaeus longiceps","native","Ground","Solitary",""
"hylaeus lunicraterius","native","Multiple","Solitary","Generalist"
"hylaeus mana","native","Wood","Solitary","Specialist"
"hylaeus maritimus","native","Multiple","Solitary",""
"hylaeus mauiensis","native","Wood","Solitary",""
"hylaeus megalotis","","Multiple","Solitary",""
"hylaeus melanothrix","native","Wood","Solitary",""
"hylaeus mesillae","native","Multiple","Solitary","Generalist"
"hylaeus mimicus","native","","Solitary",""
"hylaeus modestus","native","Multiple","Solitary","Generalist"
"hylaeus muranus","native","","Solitary",""
"hylaeus mutatus","native","","Solitary",""
"hylaeus nalo","native","","Solitary",""
"hylaeus nelumbonis","native","Multiple","Solitary",""
"hylaeus nevadensis","native","Multiple","Solitary",""
"hylaeus niloticus","native","Ground","Solitary",""
"hylaeus nivicola","native","Multiple","Solitary",""
"hylaeus nunenmacheri","native","Multiple","Solitary",""
"hylaeus ombrias","native","Ground","Solitary",""
"hylaeus ornatus","native","Multiple","Solitary",""
"hylaeus panamensis","","","Solitary",""
"hylaeus paradoxicus","native","Wood","Solitary",""
"hylaeus pele","native","","Solitary",""
"hylaeus perkinsianus","native","","Solitary",""
"hylaeus personatellus","","Multiple","Solitary",""
"hylaeus perspicuus","native","","Solitary",""
"hylaeus pictipes","introduced","Stem","Solitary","Generalist"
"hylaeus polifolii","native","Multiple","Solitary","Generalist"
"hylaeus psammobius","native","Cavity","Solitary",""
"hylaeus pubescens","native","Multiple","Solitary",""
"hylaeus punctatus","introduced","Multiple","Solitary","Generalist"
"hylaeus rudbeckiae","native","Multiple","Solitary","Generalist"
"hylaeus rugulosus","native","Multiple","Solitary",""
"hylaeus saniculae","native","Multiple","Solitary",""
"hylaeus satelles","native","Wood","Solitary",""
"hylaeus schwarzii","native","Multiple","Solitary",""
"hylaeus seclusus","","","Solitary",""
"hylaeus sejunctus","","Multiple","Solitary",""
"hylaeus setosifrons","native","Multiple","Solitary",""
"hylaeus simplex","native","Ground","Solitary",""
"hylaeus solaris","native","Ground","Solitary",""
"hylaeus sonorensis","","Multiple","Solitary",""
"hylaeus sparsus","native","Multiple","Solitary",""
"hylaeus specularis","native","","Solitary",""
"hylaeus sphecodoides","native","","Parasitic",""
"hylaeus strenuus","introduced","Wood","Solitary",""
"hylaeus suffusus","","","Solitary",""
"hylaeus takumiae","","Multiple","Solitary",""
"hylaeus timberlakei","","Multiple","Solitary",""
"hylaeus transvittatus","","Multiple","Solitary",""
"hylaeus tuertonis","","Multiple","Solitary",""
"hylaeus unicus","native","Multiple","Solitary",""
"hylaeus verticalis","native","Multiple","Solitary",""
"hylaeus volatilis","native","Multiple","Parasitic",""
"hylaeus volcanicus","native","Multiple","Solitary",""
"hylaeus volusiensis","native","Multiple","Solitary",""
"hylaeus wootoni","","Multiple","Solitary",""
"hypanthidioides panamensis","","","",""
"hypanthidium fabricianum","","","",""
"lasioglossum abanci","native","Ground","",""
"lasioglossum aberrans","native","Ground","",""
"lasioglossum absimile","","Ground","",""
"lasioglossum absurdiceps","","Ground","",""
"lasioglossum acarophilum","","Ground","",""
"lasioglossum achilleae","","Ground","Eusocial",""
"lasioglossum actinosum","","Ground","",""
"lasioglossum actuarium","","Ground","",""
"lasioglossum acuminatum","native","Ground","Solitary","Generalist"
"lasioglossum admirandum","native","Ground","Eusocial","Generalist"
"lasioglossum alachuense","native","Ground","",""
"lasioglossum albipenne","native","Ground","","Generalist"
"lasioglossum albohirtum","native","Ground","",""
"lasioglossum albuquerquense","","Ground","",""
"lasioglossum aliud","","Ground","",""
"lasioglossum allonotum","","Ground","",""
"lasioglossum amicum","","Ground","Eusocial",""
"lasioglossum angustius","","Ground","",""
"lasioglossum anhypops","","Ground","",""
"lasioglossum anomalum","native","Ground","Eusocial","Generalist"
"lasioglossum apertum","","Ground","Eusocial",""
"lasioglossum apocyni","native","Ground","",""
"lasioglossum apopkense","","Ground","",""
"lasioglossum aquilae","","Ground","",""
"lasioglossum arcanum","","Ground","",""
"lasioglossum argemonis","","Ground","",""
"lasioglossum arizonense","","Ground","",""
"lasioglossum aspilurum","","Ground","",""
"lasioglossum asteris","","Ground","",""
"lasioglossum athabascense","native","Ground","",""
"lasioglossum atlanticum","native","Ground","Eusocial","Generalist"
"lasioglossum avalonense","","Ground","",""
"lasioglossum bardum","","Ground","",""
"lasioglossum bernardinense","","Ground","",""
"lasioglossum birkmanni","","Ground","",""
"lasioglossum boreale","introduced","Ground","","Generalist"
"lasioglossum bruneri","native","Ground","Eusocial","Generalist"
"lasioglossum brunneiventre","native","Ground","",""
"lasioglossum busckiellum","","Ground","",""
"lasioglossum cabrilli","","Ground","",""
"lasioglossum caducum","","Ground","",""
"lasioglossum californiae","","Ground","",""
"lasioglossum callidum","native","Ground","",""
"lasioglossum cattellae","native","Ground","Eusocial","Generalist"
"lasioglossum ceanothi","native","Ground","Eusocial",""
"lasioglossum cephalotes","native","Ground","Eusocial",""
"lasioglossum channelense","","Ground","",""
"lasioglossum cinctipes","native","Ground","","Generalist"
"lasioglossum cire","","Ground","",""
"lasioglossum clarigaster","","Ground","",""
"lasioglossum clarissimum","","Ground","",""
"lasioglossum clematisellum","","Ground","",""
"lasioglossum coactum","","Ground","Eusocial","Generalist"
"lasioglossum coeruleum","native","Ground","Eusocial","Generalist"
"lasioglossum colatum","","Ground","",""
"lasioglossum comagenense","","Ground","",""
"lasioglossum comulum","","Ground","",""
"lasioglossum connexum","","Ground","",""
"lasioglossum cooleyi","","Ground","Eusocial",""
"lasioglossum cordleyi","","Ground","",""
"lasioglossum coreopsis","native","Ground","","Generalist"
"lasioglossum coriaceum","native","Ground","Solitary","Generalist"
"lasioglossum crassiceps","","Ground","",""
"lasioglossum creberrimum","native","Ground","","Generalist"
"lasioglossum cressonii","native","Ground","Eusocial","Generalist"
"lasioglossum crocoturum","","Ground","",""
"lasioglossum cyaneonotum","","Ground","",""
"lasioglossum cyanescens","","Ground","",""
"lasioglossum cyanurum","","Ground","",""
"lasioglossum danforthi","","Ground","",""
"lasioglossum dasiphorae","","Ground","",""
"lasioglossum desertum","","Ground","","Specialist"
"lasioglossum diatretum","","Ground","",""
"lasioglossum disabanci","","Ground","",""
"lasioglossum discum","introduced","Ground","","Specialist"
"lasioglossum disparile","native","Ground","",""
"lasioglossum divergenoides","","Ground","",""
"lasioglossum divergens","","Ground","",""
"lasioglossum diversopunctatum","","Ground","",""
"lasioglossum dreisbachi","","Ground","Eusocial","Generalist"
"lasioglossum dubitatum","","Ground","Eusocial",""
"lasioglossum ebmerianum","","Ground","",""
"lasioglossum egregium","","Ground","",""
"lasioglossum eickwortellum","","Ground","",""
"lasioglossum eleutherense","native","Ground","",""
"lasioglossum eophilum","","Ground","",""
"lasioglossum epiense","","Ground","",""
"lasioglossum fattigi","native","Ground","Eusocial","Generalist"
"lasioglossum fedorense","","Ground","",""
"lasioglossum ferrerii","","Ground","",""
"lasioglossum flaveriae","native","Ground","",""
"lasioglossum forbesii","native","Ground","Solitary","Generalist"
"lasioglossum foveolatum","native","Ground","","Generalist"
"lasioglossum foxii","native","Ground","Solitary","Generalist"
"lasioglossum fuscipenne","native","Ground","Solitary","Generalist"
"lasioglossum giffardi","","Ground","",""
"lasioglossum glabriventre","","Ground","",""
"lasioglossum granosum","","Ground","",""
"lasioglossum grinnelli","","Ground","",""
"lasioglossum gulare","","Ground","",""
"lasioglossum halophitum","native","Ground","",""
"lasioglossum hammondi","","Ground","",""
"lasioglossum hartii","native","Ground","",""
"lasioglossum hemimelas","","Ground","",""
"lasioglossum heterognathum","native","Ground","",""
"lasioglossum heterorhinum","","Ground","",""
"lasioglossum hudsoniellum","native","Ground","",""
"lasioglossum humboldtense","","Ground","",""
"lasioglossum hunteri","","Ground","",""
"lasioglossum hyalinum","native","Ground","",""
"lasioglossum illinoense","native","Ground","Eusocial","Generalist"
"lasioglossum imitatum","native","Ground","Eusocial","Generalist"
"lasioglossum impavidum","","Ground","",""
"lasioglossum incompletum","native","Ground","",""
"lasioglossum inconditum","","Ground","",""
"lasioglossum insolitum","","Ground","",""
"lasioglossum intrepidum","native","Ground","","Generalist"
"lasioglossum jubatum","","Ground","",""
"lasioglossum katyae","","Ground","Eusocial",""
"lasioglossum kincaidii","","Ground","",""
"lasioglossum kunzei","","Ground","",""
"lasioglossum laevissimum","native","Ground","Eusocial","Generalist"
"lasioglossum lampronotum","","Ground","",""
"lasioglossum latum","","Ground","",""
"lasioglossum lazulis","","Ground","",""
"lasioglossum lectum","","Ground","",""
"lasioglossum leptocephalum","","Ground","",""
"lasioglossum leucozonium","introduced","Ground","Solitary","Generalist"
"lasioglossum leviense","","Ground","",""
"lasioglossum lineatulum","native","Ground","Eusocial","Generalist"
"lasioglossum lineatum","","Ground","",""
"lasioglossum lionotum","native","Host Nest","Parasitic",""
"lasioglossum lisa","","Ground","",""
"lasioglossum longicorne","","Ground","",""
"lasioglossum longifrons","native","Ground","",""
"lasioglossum lusorium","native","Ground","",""
"lasioglossum lustrans","native","Ground","Solitary","Specialist"
"lasioglossum macoupinense","native","Ground","Solitary","Generalist"
"lasioglossum mactum","","Ground","",""
"lasioglossum manitouellum","","Ground","",""
"lasioglossum marinense","native","Ground","",""
"lasioglossum marinum","native","Ground","",""
"lasioglossum megastictum","","Ground","",""
"lasioglossum melanopus","","Ground","",""
"lasioglossum mellipes","","Ground","",""
"lasioglossum mendocinense","","Ground","",""
"lasioglossum meritum","","Ground","",""
"lasioglossum merosum","","Ground","",""
"lasioglossum mesillense","","Ground","",""
"lasioglossum mestrei","","Ground","",""
"lasioglossum michiganense","native","Host Nest","Parasitic",""
"lasioglossum microlepoides","","Ground","",""
"lasioglossum miguelense","","Ground","",""
"lasioglossum miniatulum","native","Ground","",""
"lasioglossum molle","","Ground","",""
"lasioglossum morrilli","","Ground","",""
"lasioglossum nelumbonis","native","Ground","",""
"lasioglossum nevadense","native","Ground","",""
"lasioglossum nigrescens","","Ground","",""
"lasioglossum nigricalle","","Ground","",""
"lasioglossum nigridens","","Ground","",""
"lasioglossum nigroviride","native","Ground","","Generalist"
"lasioglossum nigrum","","Ground","",""
"lasioglossum noctivaga","","Ground","",""
"lasioglossum novascotiae","introduced","Ground","",""
"lasioglossum nymphaearum","native","Ground","",""
"lasioglossum nymphale","native","Ground","",""
"lasioglossum oblongum","native","Wood","Eusocial","Generalist"
"lasioglossum obnubilum","","Ground","",""
"lasioglossum obscurior","","Ground","",""
"lasioglossum obscurum","native","Ground","Eusocial","Generalist"
"lasioglossum occidentale","native","Ground","",""
"lasioglossum occultum","","Ground","",""
"lasioglossum oenotherae","native","Ground","Solitary",""
"lasioglossum oleosum","","Ground","",""
"lasioglossum olympiae","","Ground","",""
"lasioglossum orthocarpi","","Ground","Eusocial",""
"lasioglossum ovaliceps","native","Ground","",""
"lasioglossum pacatum","native","Ground","",""
"lasioglossum pacificum","","Ground","",""
"lasioglossum pallidellum","native","Ground","",""
"lasioglossum paradmirandum","native","Ground","",""
"lasioglossum paraforbesii","native","Ground","Solitary","Generalist"
"lasioglossum parvum","","Ground","",""
"lasioglossum paululum","","Ground","",""
"lasioglossum pavoninum","native","Ground","",""
"lasioglossum pavonotum","native","Ground","",""
"lasioglossum pectinatum","native","Ground","",""
"lasioglossum pectorale","native","Ground","Solitary","Generalist"
"lasioglossum pectoraloides","","Ground","",""
"lasioglossum pensitum","","Ground","",""
"lasioglossum peralpinum","","Ground","",""
"lasioglossum peraltum","","Ground","",""
"lasioglossum perdifficile","","Ground","",""
"lasioglossum perexiguum","","Ground","",""
"lasioglossum perichlarum","","Ground","Eusocial",""
"lasioglossum perparvum","","Ground","",""
"lasioglossum perpunctatum","native","Ground","",""
"lasioglossum petrellum","native","Ground","","Generalist"
"lasioglossum pictum","native","Ground","Eusocial","Generalist"
"lasioglossum pilosellum","","Ground","",""
"lasioglossum pilosum","native","Ground","Eusocial","Generalist"
"lasioglossum platyparium","native","Host Nest","Parasitic",""
"lasioglossum potosi","","Ground","",""
"lasioglossum proximatum","","Ground","",""
"lasioglossum pruinosiforme","","Ground","",""
"lasioglossum pruinosum","native","Ground","","Generalist"
"lasioglossum pseudotegulare","","Ground","",""
"lasioglossum pudicum","","Ground","",""
"lasioglossum pullilabre","","Ground","",""
"lasioglossum pulveris","","Ground","",""
"lasioglossum punctatoventre","native","Ground","",""
"lasioglossum punctatum","","Ground","",""
"lasioglossum punctiferelleum","","Ground","",""
"lasioglossum quebecense","native","Ground","","Generalist"
"lasioglossum raleighense","native","Ground","",""
"lasioglossum regis","","Ground","",""
"lasioglossum reticulatum","native","Ground","",""
"lasioglossum rhodognathum","","Ground","",""
"lasioglossum robertsonellum","","Ground","",""
"lasioglossum robertsoni","","Ground","",""
"lasioglossum robustum","","Ground","",""
"lasioglossum rohweri","native","Ground","Primitively Eusocial",""
"lasioglossum ruficorne","","Ground","",""
"lasioglossum rufitarse","introduced","Ground","Solitary","Generalist"
"lasioglossum rufopantex","","Ground","",""
"lasioglossum rufulipes","","Ground","Eusocial","Generalist"
"lasioglossum ruidosense","native","Ground","",""
"lasioglossum rupticristum","","Ground","Eusocial",""
"lasioglossum saffordi","","Ground","",""
"lasioglossum sagax","native","Ground","Eusocial",""
"lasioglossum sanfrancisconis","","Ground","",""
"lasioglossum sedi","native","Ground","",""
"lasioglossum semibrunneum","","Ground","",""
"lasioglossum semicaeruleum","native","Ground","","Generalist"
"lasioglossum sequoiae","","Ground","",""
"lasioglossum simplex","native","Host Nest","Parasitic",""
"lasioglossum sisymbrii","native","Ground","","Generalist"
"lasioglossum sopinci","native","Ground","",""
"lasioglossum stictaspis","","Ground","",""
"lasioglossum stuartense","native","Ground","",""
"lasioglossum subobscurum","","Ground","",""
"lasioglossum subversans","","Ground","",""
"lasioglossum subviridatum","native","Ground","","Generalist"
"lasioglossum succinipenne","native","Ground","",""
"lasioglossum supraclypeatum","native","Ground","Eusocial","Generalist"
"lasioglossum supranitens","","Ground","",""
"lasioglossum surianae","native","Ground","",""
"lasioglossum swenki","native","Ground","Solitary","Generalist"
"lasioglossum swezeyi","","Ground","",""
"lasioglossum synthyridis","","Ground","Eusocial",""
"lasioglossum tamiamense","native","Ground","Eusocial",""
"lasioglossum tarponense","native","Ground","",""
"lasioglossum tegulare","native","Ground","","Generalist"
"lasioglossum tegulariforme","native","Ground","","Generalist"
"lasioglossum tenax","native","Ground","Solitary",""
"lasioglossum tenue","","Ground","",""
"lasioglossum testaceum","","Ground","",""
"lasioglossum texanum","native","Ground","","Specialist"
"lasioglossum timberlakei","","Ground","",""
"lasioglossum titusi","native","Ground","","Generalist"
"lasioglossum tracyi","","Ground","",""
"lasioglossum trizonatum","","Ground","",""
"lasioglossum truncatum","native","Ground","",""
"lasioglossum vaporellum","","Ground","",""
"lasioglossum veganum","native","Ground","",""
"lasioglossum versans","native","Ground","Eusocial",""
"lasioglossum versatum","native","Ground","Eusocial","Generalist"
"lasioglossum vexator","","Ground","",""
"lasioglossum vierecki","native","Ground","Eusocial","Generalist"
"lasioglossum viridatulum","","Ground","",""
"lasioglossum viridatum","native","Ground","Eusocial","Generalist"
"lasioglossum weemsi","native","Ground","","Generalist"
"lasioglossum wheeleri","","Ground","Parasitic",""
"lasioglossum xanthopus","introduced","Ground","Solitary","Generalist"
"lasioglossum zephyrum","native","Ground","Eusocial","Generalist"
"lasioglossum zonulum","introduced","Ground","","Generalist"
"lasioglossum zophops","native","Ground","Eusocial",""
"leiopodus singularis","native","Host Nest","Parasitic",""
"lithurgus apicalis","native","Wood","Solitary","Specialist"
"lithurgus chrysurus","introduced","Wood","Solitary","Specialist"
"lithurgus cornutus","introduced","Wood","Solitary","Specialist"
"lithurgus echinocacti","","Wood","Solitary","Specialist"
"lithurgus gibbosus","","Wood","Solitary","Specialist"
"lithurgus littoralis","","Wood","Solitary","Specialist"
"lithurgus planifrons","","Wood","Solitary","Specialist"
"lithurgus rufipes","","Wood","Solitary","Specialist"
"lithurgus scabrosus","introduced","Wood","Solitary","Specialist"
"macropis ciliata","native","Ground","","Specialist"
"macropis nuda","native","Ground","","Specialist"
"macropis patellata","native","Ground","","Specialist"
"macropis steironematis","native","Ground","","Specialist"
"macrotera arcuata","","Ground","Plastic",""
"macrotera azteca","","Ground","Plastic",""
"macrotera bidenticauda","","Ground","Plastic",""
"macrotera carinata","","Ground","Plastic",""
"macrotera crassa","","Ground","Plastic",""
"macrotera echinocacti","native","Ground","Plastic",""
"macrotera haplura","","Ground","Plastic",""
"macrotera knulli","","Ground","Plastic",""
"macrotera laticauda","","Ground","Plastic",""
"macrotera latior","","Ground","Plastic",""
"macrotera lobata","","Ground","Plastic",""
"macrotera magniceps","","Ground","Plastic",""
"macrotera mellea","","Ground","Plastic",""
"macrotera mortuaria","","Ground","Plastic",""
"macrotera nigrella","","Ground","Plastic",""
"macrotera opacella","","Ground","Plastic",""
"macrotera opuntiae","native","Specialized","Plastic","Specialist"
"macrotera portalis","","Ground","Plastic",""
"macrotera robertsi","","Ground","Plastic",""
"macrotera solitaria","","Ground","Plastic",""
"macrotera texana","","Ground","Plastic",""
"macrotera tristella","","Ground","Plastic",""
"martinapis luteicornis","","Ground","Solitary","Generalist"
"martinapis occidentalis","native","Ground","Solitary","Generalist"
"megachile abluta","","Cavity","Solitary",""
"megachile addenda","native","Cavity","Solitary","Generalist"
"megachile adelphodonta","","Cavity","Solitary",""
"megachile agustini","","Cavity","Solitary","Generalist"
"megachile alamosana","","Cavity","Solitary",""
"megachile alata","","Cavity","Solitary","Specialist"
"megachile albidula","","Cavity","Solitary",""
"megachile albitarsis","native","Cavity","Solitary","Generalist"
"megachile amica","","Cavity","Solitary",""
"megachile angelarum","native","Cavity","Solitary",""
"megachile angularis","","Cavity","Solitary",""
"megachile anograe","","Ground","Solitary",""
"megachile apicalis","introduced","Cavity","Solitary","Specialist"
"megachile armaticeps","","Cavity","Solitary",""
"megachile asarna","","Cavity","Solitary",""
"megachile asterae","","Cavity","Solitary",""
"megachile astragali","","Cavity","Solitary",""
"megachile atrata","","Cavity","Solitary",""
"megachile azteca","","Cavity","Solitary",""
"megachile bahamensis","native","Cavity","Solitary",""
"megachile bakeri","","Cavity","Solitary",""
"megachile binotulata","","Cavity","Solitary",""
"megachile boharti","","Cavity","Solitary",""
"megachile bradleyi","","Cavity","Solitary",""
"megachile brevis","native","Cavity","Solitary","Generalist"
"megachile brimleyi","native","Cavity","Solitary",""
"megachile browni","","Cavity","Solitary",""
"megachile bruneri","","Cavity","Solitary",""
"megachile campanulae","native","Cavity","Solitary","Generalist"
"megachile carbonaria","","Cavity","Solitary",""
"megachile casadae","","Cavity","Solitary",""
"megachile centuncularis","introduced","Cavity","Solitary","Generalist"
"megachile chichimeca","","Cavity","Solitary",""
"megachile chilensis","","Cavity","Solitary",""
"megachile chilopsidis","","Cavity","Solitary",""
"megachile chlorura","native","Cavity","Solitary",""
"megachile circumcincta","introduced","Ground","Solitary","Generalist"
"megachile clara","","Cavity","Solitary",""
"megachile cochisiana","","Cavity","Solitary",""
"megachile coloradensis","","Cavity","Solitary",""
"megachile comata","","Cavity","Solitary",""
"megachile concinna","introduced","Cavity","Solitary",""
"megachile coquilletti","","Cavity","Solitary",""
"megachile crassipes","","Cavity","Solitary",""
"megachile cylindrica","","Cavity","Solitary",""
"megachile dakotensis","native","Cavity","Solitary","Generalist"
"megachile davidsoni","native","Cavity","Solitary","Specialist"
"megachile deflexa","native","Cavity","Solitary",""
"megachile dentitarsus","","Cavity","Solitary","Generalist"
"megachile diligens","","Cavity","Solitary",""
"megachile discorhina","","Cavity","Solitary",""
"megachile dulciana","","Cavity","Solitary",""
"megachile dupla","","Cavity","Solitary",""
"megachile empeyi","","Cavity","Solitary",""
"megachile ericetorum","introduced","Cavity","Solitary","Specialist"
"megachile exilis","native","Cavity","Solitary",""
"megachile faceta","","Cavity","Solitary",""
"megachile fidelis","","Cavity","Solitary","Generalist"
"megachile florensis","","Cavity","Solitary",""
"megachile fortis","","Ground","Solitary","Specialist"
"megachile frigida","native","Cavity","Solitary",""
"megachile frugalis","native","Cavity","Solitary",""
"megachile fucata","","Cavity","Solitary",""
"megachile fullawayi","","Cavity","Solitary",""
"megachile gemula","native","Cavity","Solitary","Generalist"
"megachile geneana","","Cavity","Solitary",""
"megachile gentilis","native","Wood","Solitary",""
"megachile georgica","native","Cavity","Solitary",""
"megachile giliae","","Cavity","Solitary",""
"megachile gravita","","Cavity","Solitary",""
"megachile hilata","","Cavity","Solitary",""
"megachile holosericea","","Cavity","Solitary",""
"megachile hookeri","","Cavity","Solitary",""
"megachile impartita","","Cavity","Solitary",""
"megachile inermis","native","Cavity","Solitary","Generalist"
"megachile ingens","","Cavity","Solitary",""
"megachile ingenua","native","Cavity","Solitary",""
"megachile inimica","native","Wood","Solitary","Generalist"
"megachile innupta","","Cavity","Solitary",""
"megachile instita","","Cavity","Solitary",""
"megachile integra","native","Ground","Solitary",""
"megachile integrella","native","Cavity","Solitary",""
"megachile inyoensis","","Cavity","Solitary",""
"megachile laguniana","","Cavity","Solitary",""
"megachile lanata","introduced","Cavity","Solitary",""
"megachile lapponica","","Cavity","Solitary",""
"megachile laticeps","","Cavity","Solitary",""
"megachile latimanus","native","Ground","Solitary","Generalist"
"megachile latita","","Cavity","Solitary",""
"megachile laurita","","Cavity","Solitary",""
"megachile legalis","","Cavity","Solitary",""
"megachile lippiae","","Ground","Solitary","Generalist"
"megachile lobatifrons","","Cavity","Solitary",""
"megachile macneilli","","Cavity","Solitary",""
"megachile manifesta","","Ground","Solitary","Specialist"
"megachile manni","","Cavity","Solitary",""
"megachile maurata","","Cavity","Solitary",""
"megachile melanderi","","Cavity","Solitary",""
"megachile melanogaster","","Cavity","Solitary",""
"megachile melanophaea","native","Ground","Solitary","Generalist"
"megachile mellitarsis","","Cavity","Solitary",""
"megachile mendica","native","Cavity","Solitary","Generalist"
"megachile micheneri","","Cavity","Solitary",""
"megachile mojavensis","","Cavity","Solitary",""
"megachile montivaga","native","Cavity","Solitary","Generalist"
"megachile morio","","Cavity","Solitary",""
"megachile mucida","native","Cavity","Solitary","Generalist"
"megachile mucorosa","","Cavity","Solitary",""
"megachile multidens","","Cavity","Solitary",""
"megachile murina","","Cavity","Solitary",""
"megachile neli","","Cavity","Solitary",""
"megachile nelsoni","","Cavity","Solitary",""
"megachile nevadensis","","Cavity","Solitary",""
"megachile newberryae","","Cavity","Solitary",""
"megachile nivalis","native","Cavity","Solitary",""
"megachile obtusa","","Cavity","Solitary",""
"megachile occidentalis","","Cavity","Solitary",""
"megachile odontostoma","","Cavity","Solitary",""
"megachile oenotherae","native","Cavity","Solitary",""
"megachile oslari","","Cavity","Solitary",""
"megachile pagosiana","","Cavity","Solitary",""
"megachile palmensis","","Cavity","Solitary",""
"megachile parallela","native","Cavity","Solitary","Specialist"
"megachile parksi","","Cavity","Solitary",""
"megachile pascoensis","","Cavity","Solitary",""
"megachile perihirta","native","Ground","Solitary","Generalist"
"megachile petulans","native","Cavity","Solitary","Generalist"
"megachile policaris","native","Cavity","Solitary","Generalist"
"megachile praefica","","Cavity","Solitary",""
"megachile prosopidis","","Cavity","Solitary",""
"megachile pruina","native","Cavity","Solitary","Generalist"
"megachile pseudolegalis","","Cavity","Solitary",""
"megachile pseudonigra","","Cavity","Solitary",""
"megachile pugnata","native","Cavity","Solitary","Specialist"
"megachile relativa","native","Cavity","Solitary","Generalist"
"megachile relicta","","Cavity","Solitary",""
"megachile rossi","","Cavity","Solitary",""
"megachile rotundata","introduced","Cavity","Solitary",""
"megachile rubi","native","Ground","Solitary",""
"megachile rufipennis","","Wood","Solitary",""
"megachile rugifrons","native","Cavity","Solitary",""
"megachile saba","","Cavity","Solitary",""
"megachile sabinensis","","Cavity","Solitary","Specialist"
"megachile schmidti","","Cavity","Solitary",""
"megachile sculpturalis","introduced","Cavity","Solitary",""
"megachile seducta","","Cavity","Solitary",""
"megachile sidalceae","","Cavity","Solitary",""
"megachile soledadensis","","Cavity","Solitary",""
"megachile spinotulata","","Cavity","Solitary",""
"megachile stoddardensis","","Cavity","Solitary",""
"megachile subanograe","","Cavity","Solitary",""
"megachile subexilis","","Cavity","Solitary",""
"megachile sublaurita","native","Ground","Solitary",""
"megachile subnigra","","Ground","Solitary",""
"megachile subparallela","","Cavity","Solitary",""
"megachile terrestris","","Cavity","Solitary",""
"megachile tetrazona","","Cavity","Solitary",""
"megachile texana","native","Ground","Solitary","Generalist"
"megachile texensis","","Cavity","Solitary",""
"megachile timberlakei","","Cavity","Solitary",""
"megachile toscata","","Cavity","Solitary",""
"megachile townsendiana","native","Cavity","Solitary","Specialist"
"megachile tricolor","","Cavity","Solitary",""
"megachile umatillensis","","Cavity","Solitary","Specialist"
"megachile umbripennis","","Cavity","Solitary",""
"megachile ustulata","","Cavity","Solitary",""
"megachile victoriana","","Cavity","Solitary",""
"megachile voiensis","","Cavity","Solitary",""
"megachile wheeleri","","Ground","Solitary",""
"megachile wyomingensis","","Cavity","Solitary",""
"megachile xerophila","","Cavity","Solitary","Specialist"
"megachile xylocopoides","native","Cavity","Solitary","Generalist"
"megachile yumensis","","Cavity","Solitary",""
"megachile zapoteca","","Cavity","Solitary","Generalist"
"megachile zaptlana","","Cavity","Solitary",""
"megachile zombae","","Cavity","Solitary",""
"megandrena enceliae","native","Ground","",""
"megandrena mentzeliae","native","Ground","",""
"melecta alexanderi","native","Host Nest","Parasitic",""
"melecta bohartorum","","Host Nest","Parasitic",""
"melecta edwardsii","native","Host Nest","Parasitic",""
"melecta fulgida","","Host Nest","Parasitic",""
"melecta pacifica","native","Host Nest","Parasitic",""
"melecta separata","native","Host Nest","Parasitic",""
"melecta thoracica","","Host Nest","Parasitic",""
"melipona quadrifasciata","introduced","Wood","Eusocial",""
"melissodes ablusa","","Ground","Solitary",""
"melissodes agilis","native","Ground","Solitary","Specialist"
"melissodes apicata","native","Ground","Solitary",""
"melissodes appressa","","Ground","Solitary","Specialist"
"melissodes baileyi","","Ground","Solitary",""
"melissodes bicolorata","","Ground","Solitary",""
"melissodes bidentis","native","Ground","Solitary","Specialist"
"melissodes bimaculata","native","Ground","Solitary","Generalist"
"melissodes bimatris","","Ground","Solitary","Specialist"
"melissodes blanda","","Ground","Solitary",""
"melissodes boltoniae","native","Ground","Solitary","Generalist"
"melissodes brevipyga","","Ground","Solitary","Specialist"
"melissodes cerussata","","Ground","Solitary",""
"melissodes clarkiae","","Ground","Solitary",""
"melissodes colliciata","","Ground","Solitary",""
"melissodes coloradensis","native","Ground","Solitary","Specialist"
"melissodes comata","","Ground","Solitary",""
"melissodes communis","native","Ground","Solitary","Generalist"
"melissodes composita","","Ground","Solitary","Specialist"
"melissodes comptoides","native","Ground","Solitary","Generalist"
"melissodes confusa","","Ground","Solitary","Specialist"
"melissodes coreopsis","native","Ground","Solitary","Specialist"
"melissodes dagosa","","Ground","Solitary",""
"melissodes denticulata","native","Ground","Solitary","Specialist"
"melissodes dentiventris","native","Ground","Solitary",""
"melissodes desponsa","native","Ground","Solitary","Generalist"
"melissodes druriella","native","Ground","Solitary","Specialist"
"melissodes elegans","","Ground","Solitary",""
"melissodes exilis","","Ground","Solitary",""
"melissodes expolita","","Ground","Solitary",""
"melissodes fasciatella","","Ground","Solitary",""
"melissodes fimbriata","native","Ground","Solitary",""
"melissodes fumosa","native","Ground","Solitary",""
"melissodes gelida","","Ground","Solitary","Specialist"
"melissodes gilensis","","Ground","Solitary",""
"melissodes glenwoodensis","","Ground","Solitary","Specialist"
"melissodes grindeliae","","Ground","Solitary","Specialist"
"melissodes humilior","","Ground","Solitary","Specialist"
"melissodes hurdi","","Ground","Solitary",""
"melissodes hymenoxidis","","Ground","Solitary",""
"melissodes illata","native","Ground","Solitary","Generalist"
"melissodes intorta","","Ground","Solitary",""
"melissodes limbus","","Ground","Solitary",""
"melissodes lupina","","Ground","Solitary","Specialist"
"melissodes lustra","","Ground","Solitary","Specialist"
"melissodes lutulenta","","Ground","Solitary",""
"melissodes maesta","","Ground","Solitary",""
"melissodes manipularis","native","Ground","Solitary",""
"melissodes melanura","","Ground","Solitary",""
"melissodes menuachus","native","Ground","Solitary","Specialist"
"melissodes metenua","","Ground","Solitary",""
"melissodes micheneri","","Ground","Solitary",""
"melissodes microsticta","","Ground","Solitary","Specialist"
"melissodes minuscula","","Ground","Solitary",""
"melissodes mitchelli","native","Ground","Solitary",""
"melissodes monoensis","","Ground","Solitary",""
"melissodes montana","","Ground","Solitary","Specialist"
"melissodes moorei","","Ground","Solitary",""
"melissodes nigracauda","","Ground","Solitary",""
"melissodes nivea","native","Ground","Solitary","Specialist"
"melissodes ochraea","","Ground","Solitary",""
"melissodes opuntiella","","Ground","Solitary","Generalist"
"melissodes pallidisignata","","Ground","Solitary","Specialist"
"melissodes paroselae","","Ground","Solitary","Generalist"
"melissodes paucipuncta","","Ground","Solitary",""
"melissodes paulula","","Ground","Solitary","Specialist"
"melissodes perlusa","","Ground","Solitary","Specialist"
"melissodes perpolita","","Ground","Solitary",""
"melissodes persimilis","","Ground","Solitary",""
"melissodes personatella","","Ground","Solitary",""
"melissodes pexa","","Ground","Solitary",""
"melissodes pilleata","native","Ground","Solitary",""
"melissodes plumosa","","Ground","Solitary",""
"melissodes pullata","","Ground","Solitary",""
"melissodes pullatella","","Ground","Solitary",""
"melissodes relucens","","Ground","Solitary",""
"melissodes rivalis","native","Ground","Solitary","Specialist"
"melissodes robustior","native","Ground","Solitary","Specialist"
"melissodes rufipes","","Ground","Solitary",""
"melissodes saponellus","","Ground","Solitary",""
"melissodes semilupina","","Ground","Solitary",""
"melissodes snowii","","Ground","Solitary","Specialist"
"melissodes sonorensis","","Ground","Solitary","Generalist"
"melissodes sphaeralceae","","Ground","Solitary",""
"melissodes stearnsi","native","Ground","Solitary","Specialist"
"melissodes subagilis","","Ground","Solitary","Specialist"
"melissodes subillata","native","Ground","Solitary","Specialist"
"melissodes submenuacha","","Ground","Solitary","Specialist"
"melissodes tepaneca","native","Ground","Solitary",""
"melissodes tepida","","Ground","Solitary",""
"melissodes tessellata","","Ground","Solitary",""
"melissodes thelypodii","","Ground","Solitary","Generalist"
"melissodes tincta","native","Ground","Solitary","Specialist"
"melissodes trifasciata","","Ground","Solitary",""
"melissodes trinodis","native","Ground","Solitary","Specialist"
"melissodes tristis","native","Ground","Solitary","Generalist"
"melissodes tuckeri","","Ground","Solitary",""
"melissodes utahensis","","Ground","Solitary",""
"melissodes velutina","","Ground","Solitary",""
"melissodes verbesinarum","","Ground","Solitary",""
"melissodes vernalis","","Ground","Solitary",""
"melissodes vernoniae","native","Ground","Solitary","Specialist"
"melissodes wheeleri","","Ground","Solitary","Specialist"
"melissoptila otomita","","","",""
"melitoma grisella","","Ground","","Specialist"
"melitoma marginella","native","Ground","","Specialist"
"melitoma segmentaria","","Ground","","Specialist"
"melitoma taurea","native","Ground","","Specialist"
"melitta americana","","Ground","Solitary","Specialist"
"melitta californica","","Ground","Solitary","Specialist"
"melitta eickworti","","Ground","Solitary","Specialist"
"melitta guichardi","","Ground","Solitary","Specialist"
"melitta melittoides","native","Ground","Solitary","Specialist"
"mesoplia dugesi","","Host Nest","Parasitic",""
"mesoplia regalis","","Host Nest","Parasitic",""
"mesoxaea arizonica","","Ground","Solitary",""
"mesoxaea nigerrima","","Ground","Solitary",""
"mesoxaea rufescens","","Ground","Solitary",""
"mesoxaea texana","","Ground","Solitary",""
"mexalictus arizonensis","native","Ground","",""
"micralictoides altadenae","native","Ground","",""
"micralictoides chaenactidis","native","Ground","",""
"micralictoides dinoceps","","Ground","",""
"micralictoides grossus","native","Ground","",""
"micralictoides linsleyi","","Ground","",""
"micralictoides mojavensis","native","Ground","",""
"micralictoides quadriceps","native","Ground","",""
"micralictoides ruficaudus","native","Ground","","Specialist"
"neolarra alba","native","Host Nest","Parasitic",""
"neolarra batrae","native","Host Nest","Parasitic",""
"neolarra californica","native","Host Nest","Parasitic",""
"neolarra clavigera","","Host Nest","Parasitic",""
"neolarra cockerelli","native","Host Nest","Parasitic",""
"neolarra hurdi","native","Host Nest","Parasitic",""
"neolarra linsleyi","native","Host Nest","Parasitic",""
"neolarra orbiculata","native","Host Nest","Parasitic",""
"neolarra penicula","native","Host Nest","Parasitic",""
"neolarra pruinosa","native","Host Nest","Parasitic",""
"neolarra rozeni","native","Host Nest","Parasitic",""
"neolarra ute","native","Host Nest","Parasitic",""
"neolarra vandykei","native","Host Nest","Parasitic",""
"neolarra verbesinae","native","Host Nest","Parasitic",""
"neolarra vigilans","native","Host Nest","Parasitic",""
"neopasites cressoni","","Host Nest","Parasitic",""
"neopasites fulviventris","native","Host Nest","Parasitic",""
"neopasites mojavensis","native","Host Nest","Parasitic",""
"neopasites sierrae","","Host Nest","Parasitic",""
"neopasites timberlakei","","Host Nest","Parasitic",""
"nesosphecodes anthracinus","","","",""
"nomada accepta","native","Host Nest","Parasitic",""
"nomada adducta","","Host Nest","Parasitic",""
"nomada adusta","","Host Nest","Parasitic",""
"nomada affabilis","native","Host Nest","Parasitic",""
"nomada agynia","","Host Nest","Parasitic",""
"nomada aldrichi","","Host Nest","Parasitic",""
"nomada alpha","","Host Nest","Parasitic",""
"nomada amoena","","Host Nest","Parasitic",""
"nomada amorphae","","Host Nest","Parasitic",""
"nomada angelarum","","Host Nest","Parasitic",""
"nomada angulata","","Host Nest","Parasitic",""
"nomada annulata","","Host Nest","Parasitic",""
"nomada antennata","introduced","Host Nest","Parasitic",""
"nomada aprilina","","Host Nest","Parasitic",""
"nomada aquilarum","native","Host Nest","Parasitic",""
"nomada arenicola","","Host Nest","Parasitic",""
"nomada argentata","introduced","Host Nest","Parasitic",""
"nomada argentea","","Host Nest","Parasitic",""
"nomada arizonica","","Host Nest","Parasitic",""
"nomada armatella","native","Host Nest","Parasitic","Generalist"
"nomada articulata","native","Host Nest","Parasitic","Generalist"
"nomada ashmeadi","","Host Nest","Parasitic",""
"nomada asteris","","Host Nest","Parasitic",""
"nomada astori","","Host Nest","Parasitic",""
"nomada atrofrontata","","Host Nest","Parasitic",""
"nomada augustiana","native","Host Nest","Parasitic",""
"nomada australis","native","Host Nest","Parasitic",""
"nomada autumnalis","","Host Nest","Parasitic",""
"nomada avalonica","","Host Nest","Parasitic",""
"nomada azaleae","","Host Nest","Parasitic",""
"nomada banksi","native","Host Nest","Parasitic",""
"nomada belfragei","","Host Nest","Parasitic",""
"nomada bella","","Host Nest","Parasitic",""
"nomada besseyi","","Host Nest","Parasitic",""
"nomada bethunei","native","Host Nest","Parasitic",""
"nomada beulahensis","","Host Nest","Parasitic",""
"nomada bicrista","","Host Nest","Parasitic",""
"nomada bifurcata","","Host Nest","Parasitic",""
"nomada bisetosa","","Host Nest","Parasitic",""
"nomada bisignata","","Host Nest","Parasitic",""
"nomada bohartorum","","Host Nest","Parasitic",""
"nomada brewsterae","","Host Nest","Parasitic",""
"nomada californiae","","Host Nest","Parasitic",""
"nomada calloxantha","","Host Nest","Parasitic",""
"nomada capillata","","Host Nest","Parasitic",""
"nomada carinicauda","","Host Nest","Parasitic",""
"nomada ceanothi","native","Host Nest","Parasitic",""
"nomada citrina","","Host Nest","Parasitic",""
"nomada civilis","","Host Nest","Parasitic",""
"nomada clarescens","","Host Nest","Parasitic",""
"nomada clarkii","","Host Nest","Parasitic",""
"nomada collinsiana","","Host Nest","Parasitic",""
"nomada coloradella","","Host Nest","Parasitic",""
"nomada composita","","Host Nest","Parasitic",""
"nomada concinnula","","Host Nest","Parasitic",""
"nomada coquilletti","","Host Nest","Parasitic",""
"nomada cordleyi","","Host Nest","Parasitic",""
"nomada coronata","introduced","Host Nest","Parasitic",""
"nomada corvallisensis","","Host Nest","Parasitic",""
"nomada costalis","","Host Nest","Parasitic",""
"nomada crawfordi","","Host Nest","Parasitic",""
"nomada cressonii","native","Host Nest","Parasitic","Generalist"
"nomada crotchii","native","Host Nest","Parasitic","Generalist"
"nomada crucis","","Host Nest","Parasitic",""
"nomada crudelis","","Host Nest","Parasitic",""
"nomada cuneata","native","Host Nest","Parasitic",""
"nomada custeriana","","Host Nest","Parasitic",""
"nomada cymbalariae","","Host Nest","Parasitic",""
"nomada davidsoni","","Host Nest","Parasitic",""
"nomada debilis","","Host Nest","Parasitic",""
"nomada decempunctata","","Host Nest","Parasitic",""
"nomada decepta","","Host Nest","Parasitic",""
"nomada dentariae","native","Host Nest","Parasitic",""
"nomada denticulata","native","Host Nest","Parasitic","Generalist"
"nomada depressa","","Host Nest","Parasitic",""
"nomada detrita","","Host Nest","Parasitic",""
"nomada dilucida","","Host Nest","Parasitic",""
"nomada dreisbachi","","Host Nest","Parasitic",""
"nomada ednae","","Host Nest","Parasitic",""
"nomada edwardsii","native","Host Nest","Parasitic","Generalist"
"nomada electa","native","Host Nest","Parasitic",""
"nomada electella","native","Host Nest","Parasitic",""
"nomada elegantula","","Host Nest","Parasitic",""
"nomada elrodi","","Host Nest","Parasitic",""
"nomada erigeronis","native","Host Nest","Parasitic",""
"nomada erythraea","","Host Nest","Parasitic",""
"nomada erythrochroa","","Host Nest","Parasitic",""
"nomada erythrospila","","Host Nest","Parasitic",""
"nomada fervida","native","Host Nest","Parasitic",""
"nomada festiva","native","Host Nest","Parasitic",""
"nomada flammigera","","Host Nest","Parasitic",""
"nomada florilega","native","Host Nest","Parasitic",""
"nomada fontis","","Host Nest","Parasitic",""
"nomada formula","","Host Nest","Parasitic",""
"nomada fragariae","native","Host Nest","Parasitic",""
"nomada fragilis","","Host Nest","Parasitic",""
"nomada frankei","","Host Nest","Parasitic",""
"nomada frieseana","","Host Nest","Parasitic",""
"nomada fuscicincta","","Host Nest","Parasitic",""
"nomada garciana","","Host Nest","Parasitic",""
"nomada gibbosa","","Host Nest","Parasitic",""
"nomada gillettei","","Host Nest","Parasitic",""
"nomada gracilis","native","Host Nest","Parasitic",""
"nomada graenicheri","native","Host Nest","Parasitic",""
"nomada grandis","","Host Nest","Parasitic",""
"nomada grayi","","Host Nest","Parasitic",""
"nomada gutierreziae","native","Host Nest","Parasitic",""
"nomada heiligbrodtii","native","Host Nest","Parasitic","Generalist"
"nomada hemphilli","native","Host Nest","Parasitic",""
"nomada henningeri","","Host Nest","Parasitic",""
"nomada hesperia","","Host Nest","Parasitic",""
"nomada heterosticta","","Host Nest","Parasitic",""
"nomada hirtiventris","","Host Nest","Parasitic",""
"nomada hoodiana","","Host Nest","Parasitic",""
"nomada hurdi","","Host Nest","Parasitic",""
"nomada hydrophylli","","Host Nest","Parasitic",""
"nomada idahoensis","","Host Nest","Parasitic",""
"nomada illinoensis","native","Host Nest","Parasitic",""
"nomada imbricata","native","Host Nest","Parasitic","Generalist"
"nomada indusata","","Host Nest","Parasitic",""
"nomada inepta","","Host Nest","Parasitic",""
"nomada integerrima","native","Host Nest","Parasitic",""
"nomada interruptella","","Host Nest","Parasitic",""
"nomada itamera","","Host Nest","Parasitic",""
"nomada jennei","","Host Nest","Parasitic",""
"nomada jocularis","","Host Nest","Parasitic",""
"nomada kincaidiana","","Host Nest","Parasitic",""
"nomada kingstonensis","","Host Nest","Parasitic",""
"nomada klamathensis","","Host Nest","Parasitic",""
"nomada krugii","","Host Nest","Parasitic",""
"nomada lamarensis","","Host Nest","Parasitic",""
"nomada laramiensis","","Host Nest","Parasitic",""
"nomada latifrons","native","Host Nest","Parasitic",""
"nomada lehighensis","native","Host Nest","Parasitic",""
"nomada lepida","","Host Nest","Parasitic","Generalist"
"nomada leucozona","","Host Nest","Parasitic",""
"nomada lewisi","","Host Nest","Parasitic",""
"nomada libata","","Host Nest","Parasitic",""
"nomada limata","","Host Nest","Parasitic",""
"nomada linsleyi","","Host Nest","Parasitic",""
"nomada lippiae","","Host Nest","Parasitic",""
"nomada longicornis","","Host Nest","Parasitic",""
"nomada louisianae","","Host Nest","Parasitic",""
"nomada luteola","native","Host Nest","Parasitic",""
"nomada luteoloides","native","Host Nest","Parasitic","Generalist"
"nomada luteopicta","","Host Nest","Parasitic",""
"nomada maculata","native","Host Nest","Parasitic","Generalist"
"nomada maculiventer","","Host Nest","Parasitic",""
"nomada malonella","","Host Nest","Parasitic",""
"nomada malonina","","Host Nest","Parasitic",""
"nomada marginella","native","Host Nest","Parasitic",""
"nomada martinella","native","Host Nest","Parasitic",""
"nomada mckenziei","","Host Nest","Parasitic",""
"nomada media","","Host Nest","Parasitic",""
"nomada mediana","","Host Nest","Parasitic",""
"nomada melanoptera","","Host Nest","Parasitic",""
"nomada melanosoma","","Host Nest","Parasitic",""
"nomada melliventris","","Host Nest","Parasitic",""
"nomada mendica","","Host Nest","Parasitic",""
"nomada micheneri","native","Host Nest","Parasitic",""
"nomada mimus","","Host Nest","Parasitic",""
"nomada miniata","","Host Nest","Parasitic",""
"nomada minima","","Host Nest","Parasitic",""
"nomada mitchelli","","Host Nest","Parasitic",""
"nomada morrisoni","","Host Nest","Parasitic",""
"nomada munda","","Host Nest","Parasitic",""
"nomada mutans","native","Host Nest","Parasitic",""
"nomada neomexicana","","Host Nest","Parasitic",""
"nomada nigrociliata","","Host Nest","Parasitic",""
"nomada nigrofasciata","","Host Nest","Parasitic",""
"nomada obliquella","","Host Nest","Parasitic",""
"nomada obliterata","native","Host Nest","Parasitic",""
"nomada obscurella","","Host Nest","Parasitic",""
"nomada obtusata","","Host Nest","Parasitic",""
"nomada ochlerata","","Host Nest","Parasitic",""
"nomada ochrohirta","","Host Nest","Parasitic",""
"nomada odontocera","","Host Nest","Parasitic",""
"nomada opacella","","Host Nest","Parasitic",""
"nomada opposita","","Host Nest","Parasitic",""
"nomada orba","","Host Nest","Parasitic",""
"nomada orbitalis","","Host Nest","Parasitic",""
"nomada orcusella","","Host Nest","Parasitic",""
"nomada oregonica","native","Host Nest","Parasitic",""
"nomada ornithica","","Host Nest","Parasitic",""
"nomada orophilla","","Host Nest","Parasitic",""
"nomada osborni","","Host Nest","Parasitic",""
"nomada ovata","native","Host Nest","Parasitic","Generalist"
"nomada packardiella","","Host Nest","Parasitic",""
"nomada pallidella","","Host Nest","Parasitic",""
"nomada pallidelutea","","Host Nest","Parasitic",""
"nomada pallidipicta","","Host Nest","Parasitic",""
"nomada parallela","","Host Nest","Parasitic",""
"nomada parata","","Host Nest","Parasitic",""
"nomada parkeri","","Host Nest","Parasitic",""
"nomada parva","native","Host Nest","Parasitic","Generalist"
"nomada pascoensis","","Host Nest","Parasitic",""
"nomada pecosensis","native","Host Nest","Parasitic",""
"nomada perbella","","Host Nest","Parasitic",""
"nomada perivincta","","Host Nest","Parasitic",""
"nomada perplexa","native","Host Nest","Parasitic",""
"nomada perplexans","","Host Nest","Parasitic",""
"nomada physura","native","Host Nest","Parasitic",""
"nomada pilipes","","Host Nest","Parasitic",""
"nomada placida","native","Host Nest","Parasitic",""
"nomada placitensis","","Host Nest","Parasitic",""
"nomada portalensis","","Host Nest","Parasitic",""
"nomada priscilla","introduced","Host Nest","Parasitic",""
"nomada proxima","","Host Nest","Parasitic",""
"nomada pulsatillae","","Host Nest","Parasitic",""
"nomada pusilla","","Host Nest","Parasitic",""
"nomada putnami","","Host Nest","Parasitic",""
"nomada pygmaea","native","Host Nest","Parasitic","Generalist"
"nomada pyrrha","","Host Nest","Parasitic",""
"nomada rhodalis","native","Host Nest","Parasitic",""
"nomada rhodomelas","native","Host Nest","Parasitic",""
"nomada rhodosoma","native","Host Nest","Parasitic",""
"nomada rhodotricha","","Host Nest","Parasitic",""
"nomada rhodoxantha","","Host Nest","Parasitic",""
"nomada ridingsii","","Host Nest","Parasitic",""
"nomada rivalis","native","Host Nest","Parasitic",""
"nomada robertsonella","native","Host Nest","Parasitic",""
"nomada rodecki","","Host Nest","Parasitic",""
"nomada rohweri","","Host Nest","Parasitic",""
"nomada rubi","","Host Nest","Parasitic",""
"nomada rubicunda","native","Host Nest","Parasitic","Generalist"
"nomada rubrella","","Host Nest","Parasitic",""
"nomada rubrica","","Host Nest","Parasitic",""
"nomada ruidosensis","","Host Nest","Parasitic",""
"nomada salicicola","","Host Nest","Parasitic",""
"nomada salicis","native","Host Nest","Parasitic",""
"nomada sanctaecrucis","","Host Nest","Parasitic",""
"nomada sayi","native","Host Nest","Parasitic","Generalist"
"nomada schwarzi","","Host Nest","Parasitic",""
"nomada scita","native","Host Nest","Parasitic",""
"nomada scitiformis","","Host Nest","Parasitic",""
"nomada sedi","","Host Nest","Parasitic",""
"nomada semirugosa","","Host Nest","Parasitic",""
"nomada semiscita","","Host Nest","Parasitic",""
"nomada semisuavis","","Host Nest","Parasitic",""
"nomada seneciophila","native","Host Nest","Parasitic",""
"nomada siccorum","","Host Nest","Parasitic",""
"nomada simplicicoxa","","Host Nest","Parasitic",""
"nomada siouxensis","","Host Nest","Parasitic",""
"nomada skinneri","native","Host Nest","Parasitic",""
"nomada snowii","","Host Nest","Parasitic",""
"nomada sobrina","","Host Nest","Parasitic",""
"nomada sophiarum","","Host Nest","Parasitic",""
"nomada sphaerogaster","","Host Nest","Parasitic",""
"nomada suavis","native","Host Nest","Parasitic","Generalist"
"nomada subaccepta","","Host Nest","Parasitic",""
"nomada subangusta","","Host Nest","Parasitic",""
"nomada subgracilis","","Host Nest","Parasitic",""
"nomada subnigrocincta","","Host Nest","Parasitic",""
"nomada subpacata","","Host Nest","Parasitic",""
"nomada subrubi","","Host Nest","Parasitic",""
"nomada subrutila","","Host Nest","Parasitic",""
"nomada subsimilis","","Host Nest","Parasitic",""
"nomada subvicinalis","","Host Nest","Parasitic",""
"nomada suda","","Host Nest","Parasitic",""
"nomada sulphurata","native","Host Nest","Parasitic",""
"nomada superba","native","Host Nest","Parasitic",""
"nomada swenki","","Host Nest","Parasitic",""
"nomada taraxacella","native","Host Nest","Parasitic",""
"nomada texana","native","Host Nest","Parasitic","Generalist"
"nomada timberlakei","native","Host Nest","Parasitic",""
"nomada tintinnabulum","native","Host Nest","Parasitic",""
"nomada townesi","","Host Nest","Parasitic",""
"nomada tricurta","","Host Nest","Parasitic",""
"nomada truttarum","","Host Nest","Parasitic",""
"nomada tyrrellensis","","Host Nest","Parasitic",""
"nomada uhleri","","Host Nest","Parasitic",""
"nomada ulsterensis","native","Host Nest","Parasitic",""
"nomada ultima","","Host Nest","Parasitic",""
"nomada ultimella","native","Host Nest","Parasitic",""
"nomada undulaticornis","","Host Nest","Parasitic",""
"nomada utahensis","native","Host Nest","Parasitic",""
"nomada utensis","","Host Nest","Parasitic",""
"nomada valida","native","Host Nest","Parasitic",""
"nomada vallesina","","Host Nest","Parasitic",""
"nomada vegana","native","Host Nest","Parasitic","Generalist"
"nomada velutina","","Host Nest","Parasitic",""
"nomada verecunda","native","Host Nest","Parasitic",""
"nomada vexator","","Host Nest","Parasitic",""
"nomada vicina","native","Host Nest","Parasitic",""
"nomada vicinalis","native","Host Nest","Parasitic",""
"nomada victrix","native","Host Nest","Parasitic",""
"nomada vierecki","","Host Nest","Parasitic",""
"nomada vincta","native","Host Nest","Parasitic",""
"nomada vulpis","","Host Nest","Parasitic",""
"nomada washingtoni","native","Host Nest","Parasitic",""
"nomada wheeleri","","Host Nest","Parasitic",""
"nomada wisconsinensis","","Host Nest","Parasitic",""
"nomada wootonella","","Host Nest","Parasitic",""
"nomada wyomingensis","","Host Nest","Parasitic",""
"nomada xantholepis","native","Host Nest","Parasitic",""
"nomada xanthophila","native","Host Nest","Parasitic",""
"nomada xanthura","native","Host Nest","Parasitic",""
"nomada zebrata","native","Host Nest","Parasitic",""
"nomada ziziae","","Host Nest","Parasitic",""
"nomia angustitibialis","","Ground","Plastic","Generalist"
"nomia fedorensis","","Ground","Plastic","Generalist"
"nomia foxii","","Ground","Plastic","Generalist"
"nomia howardi","","Ground","Plastic","Generalist"
"nomia ivoirensis","","Ground","Plastic","Generalist"
"nomia maneei","native","Ground","Plastic","Generalist"
"nomia melanderi","native","Ground","Plastic","Generalist"
"nomia nortoni","native","Ground","Plastic","Generalist"
"nomia tetrazonata","native","Ground","Plastic","Generalist"
"nomia universitatis","","Ground","Plastic","Generalist"
"odyneropsis apache","","","",""
"oreopasites albinota","","Host Nest","Parasitic",""
"oreopasites arizonica","","Host Nest","Parasitic",""
"oreopasites barbarae","","Host Nest","Parasitic",""
"oreopasites euphorbiae","","Host Nest","Parasitic",""
"oreopasites favreauae","","Host Nest","Parasitic",""
"oreopasites hurdi","","Host Nest","Parasitic",""
"oreopasites linsleyi","","Host Nest","Parasitic",""
"oreopasites powelli","","Host Nest","Parasitic",""
"oreopasites scituli","","Host Nest","Parasitic",""
"oreopasites vanduzeei","","Host Nest","Parasitic",""
"osmia albiventris","native","Cavity","Solitary",""
"osmia albolateralis","","Cavity","Solitary",""
"osmia alpestris","","Cavity","Solitary",""
"osmia alticola","introduced","Cavity","Solitary","Specialist"
"osmia angustipes","","Cavity","Solitary",""
"osmia ashmeadii","","Cavity","Solitary",""
"osmia atriventris","native","Ground","Solitary","Generalist"
"osmia atrocyanea","","Cavity","Solitary",""
"osmia austromaritima","","Cavity","Solitary",""
"osmia avosetta","introduced","Multiple","Solitary",""
"osmia bakeri","","Cavity","Solitary",""
"osmia bella","","Cavity","Solitary",""
"osmia botitena","","Cavity","Solitary",""
"osmia breviata","introduced","Cavity","Solitary","Specialist"
"osmia brevis","","Cavity","Solitary","Specialist"
"osmia bruneri","","Cavity","Solitary","Generalist"
"osmia bucephala","native","Ground","Solitary","Generalist"
"osmia caerulescens","introduced","Cavity","Solitary","Generalist"
"osmia cahuilla","","Cavity","Solitary",""
"osmia calcarata","","Cavity","Solitary",""
"osmia californica","native","Cavity","Solitary","Specialist"
"osmia calla","","Cavity","Solitary",""
"osmia cara","","Cavity","Solitary",""
"osmia caulicola","","Cavity","Solitary",""
"osmia cerasi","","Cavity","Solitary",""
"osmia chalybea","native","Cavity","Solitary",""
"osmia claremontensis","","Cavity","Solitary",""
"osmia clarescens","native","Cavity","Solitary","Generalist"
"osmia cobaltina","","Cavity","Solitary",""
"osmia cockerelli","","Cavity","Solitary",""
"osmia collinsiae","native","Cavity","Solitary",""
"osmia coloradensis","","Cavity","Solitary","Specialist"
"osmia conjuncta","native","Cavity","Solitary",""
"osmia cordata","native","Cavity","Solitary",""
"osmia cornifrons","introduced","Cavity","Solitary",""
"osmia crassa","","Cavity","Solitary",""
"osmia cyanella","native","Cavity","Solitary",""
"osmia cyaneonitens","","Cavity","Solitary",""
"osmia cyanopoda","","Cavity","Solitary",""
"osmia dakotensis","native","Cavity","Solitary",""
"osmia densa","","Cavity","Solitary",""
"osmia derasa","","Cavity","Solitary",""
"osmia distincta","native","Cavity","Solitary","Generalist"
"osmia dolerosa","","Cavity","Solitary",""
"osmia ednae","","Cavity","Solitary",""
"osmia enixa","","Cavity","Solitary",""
"osmia exigua","","Cavity","Solitary",""
"osmia fasciata","","Cavity","Solitary",""
"osmia felti","","Multiple","Solitary",""
"osmia fervida","","Cavity","Solitary",""
"osmia foxi","","Cavity","Solitary",""
"osmia francisconis","","Cavity","Solitary",""
"osmia gabrielis","","Cavity","Solitary",""
"osmia gaudiosa","native","Wood","Solitary",""
"osmia georgica","native","Ground","Solitary","Generalist"
"osmia giffardi","","Cavity","Solitary",""
"osmia giliarum","","Cavity","Solitary",""
"osmia glauca","native","Cavity","Solitary",""
"osmia granulosa","","Cavity","Solitary",""
"osmia grindeliae","","Cavity","Solitary",""
"osmia grinnelli","","Wood","Solitary","Generalist"
"osmia hemera","","Cavity","Solitary",""
"osmia hendersoni","","Cavity","Solitary",""
"osmia hesperos","","Cavity","Solitary",""
"osmia hurdi","","Cavity","Solitary",""
"osmia illinoensis","native","Cavity","Solitary",""
"osmia indeprensa","","Cavity","Solitary",""
"osmia inermis","","Cavity","Solitary","Generalist"
"osmia inspergens","","Cavity","Solitary",""
"osmia integra","native","Ground","Solitary",""
"osmia inurbana","","Cavity","Solitary",""
"osmia iridis","","Wood","Solitary",""
"osmia juxta","","Cavity","Solitary",""
"osmia kenoyeri","","Cavity","Solitary",""
"osmia kincaidii","","Cavity","Solitary",""
"osmia lacus","","Cavity","Solitary",""
"osmia laeta","native","Cavity","Solitary",""
"osmia lanei","","Cavity","Solitary",""
"osmia latisulcata","native","Cavity","Solitary",""
"osmia lignaria","","Cavity","Solitary",""
"osmia liogastra","","Cavity","Solitary",""
"osmia longula","","Cavity","Solitary",""
"osmia lupinicola","","Cavity","Solitary",""
"osmia malina","","Cavity","Solitary",""
"osmia marginata","","Cavity","Solitary","Generalist"
"osmia marginipennis","","Cavity","Solitary",""
"osmia maritima","","Cavity","Solitary",""
"osmia melanopleura","","Cavity","Solitary",""
"osmia mertensiae","","Cavity","Solitary",""
"osmia michiganensis","native","Ground","Solitary","Generalist"
"osmia mixta","","Cavity","Solitary",""
"osmia montana","","Cavity","Solitary","Specialist"
"osmia morongana","","Cavity","Solitary",""
"osmia nana","","Cavity","Solitary",""
"osmia nanula","","Cavity","Solitary",""
"osmia nemoris","","Cavity","Solitary",""
"osmia neocyanopoda","","Cavity","Solitary",""
"osmia nifoata","native","Cavity","Solitary",""
"osmia nigricollis","","Cavity","Solitary",""
"osmia nigrifrons","","Cavity","Solitary",""
"osmia nigriventris","native","Wood","Solitary",""
"osmia nigrobarbata","","Cavity","Solitary",""
"osmia notata","","Cavity","Solitary",""
"osmia obliqua","","Cavity","Solitary",""
"osmia odontogaster","","Cavity","Solitary",""
"osmia pagosa","","Cavity","Solitary",""
"osmia palmae","introduced","Cavity","Solitary",""
"osmia paradisica","","Cavity","Solitary",""
"osmia parietina","introduced","Cavity","Solitary","Generalist"
"osmia pentstemonis","","Cavity","Solitary",""
"osmia phenax","","Cavity","Solitary",""
"osmia physariae","","Cavity","Solitary",""
"osmia pieli","","Cavity","Solitary",""
"osmia pikei","","Wood","Solitary",""
"osmia pingreeana","","Cavity","Solitary",""
"osmia potentillae","","Cavity","Solitary",""
"osmia proxima","native","Cavity","Solitary",""
"osmia prunorum","","Cavity","Solitary",""
"osmia pulsatillae","","Cavity","Solitary",""
"osmia pumila","native","Cavity","Solitary","Generalist"
"osmia purpurata","","Cavity","Solitary",""
"osmia pusilla","","Cavity","Solitary",""
"osmia ramona","","Cavity","Solitary",""
"osmia raritatis","","Cavity","Solitary",""
"osmia rawlinsi","native","Cavity","Solitary",""
"osmia regulina","","Cavity","Solitary",""
"osmia ribifloris","native","Cavity","Solitary",""
"osmia rostrata","","Wood","Solitary",""
"osmia rutila","","Cavity","Solitary",""
"osmia sanctaerosae","","Cavity","Solitary",""
"osmia sandhouseae","native","Cavity","Solitary",""
"osmia sanrafaelae","","Ground","Solitary",""
"osmia sculleni","","Cavity","Solitary",""
"osmia sedula","","Cavity","Solitary",""
"osmia sequoiae","","Cavity","Solitary",""
"osmia simillima","native","Wood","Solitary",""
"osmia sladeni","","Cavity","Solitary",""
"osmia solitaria","","Cavity","Solitary",""
"osmia subaustralis","","Cavity","Solitary",""
"osmia subcornuta","","Cavity","Solitary",""
"osmia subfasciata","native","Cavity","Solitary","Generalist"
"osmia tanneri","","Ground","Solitary",""
"osmia tarsata","","Cavity","Solitary",""
"osmia taurus","introduced","Cavity","Solitary",""
"osmia tersula","native","Wood","Solitary",""
"osmia texana","native","Cavity","Solitary","Specialist"
"osmia thysanisca","","Cavity","Solitary",""
"osmia titusi","","Cavity","Solitary",""
"osmia tokopahensis","","Cavity","Solitary",""
"osmia trevoris","","Cavity","Solitary",""
"osmia trifoliama","","Cavity","Solitary",""
"osmia tristella","","Wood","Solitary",""
"osmia unca","","Cavity","Solitary",""
"osmia universitatis","","Cavity","Solitary",""
"osmia vandykei","","Cavity","Solitary",""
"osmia virga","native","Cavity","Solitary",""
"osmia watsoni","","Cavity","Solitary",""
"osmia zephyros","","Cavity","Solitary",""
"panurginus armaticeps","","Ground","Solitary",""
"panurginus atramontensis","native","Ground","Solitary",""
"panurginus atriceps","","Ground","Solitary",""
"panurginus barletae","","Ground","Solitary",""
"panurginus beardsleyi","","Ground","Solitary",""
"panurginus bilobatus","","Ground","Solitary",""
"panurginus ceanothi","","Ground","Solitary",""
"panurginus cressoniellus","","Ground","Solitary",""
"panurginus emarginatus","","Ground","Solitary",""
"panurginus gabrielis","","Ground","Solitary",""
"panurginus gracilis","","Ground","Solitary",""
"panurginus herzi","","Ground","Solitary",""
"panurginus ineptus","","Ground","Solitary",""
"panurginus maritimus","","Ground","Solitary",""
"panurginus melanocephalus","","Ground","Solitary",""
"panurginus nigrellus","","Ground","Solitary",""
"panurginus nigrihirtus","","Ground","Solitary",""
"panurginus nigripes","","Ground","Solitary",""
"panurginus occidentalis","native","Ground","Solitary","Specialist"
"panurginus picipes","","Ground","Solitary",""
"panurginus polytrichus","native","Ground","Solitary",""
"panurginus potentillae","native","Ground","Solitary",""
"panurgus catulus","native","","",""
"paranomada californica","","Host Nest","Parasitic",""
"paranomada nitida","","Host Nest","Parasitic",""
"paranomada velutina","native","Host Nest","Parasitic",""
"paranthidium gabbii","","Multiple","Solitary","Generalist"
"paranthidium jugatorium","native","Multiple","Solitary","Generalist"
"paratetrapedia nigriceps","","Wood","Solitary",""
"peponapis crassidentata","","Ground","Solitary",""
"peponapis limitaris","","Ground","Solitary",""
"peponapis michelbacherorum","","Ground","Solitary","Specialist"
"peponapis pruinosa","native","Ground","Solitary","Specialist"
"peponapis timberlakei","","Ground","Solitary","Specialist"
"peponapis utahensis","","Ground","Solitary",""
"perdita abbreviata","","Ground","Solitary","Specialist"
"perdita abdominalis","","Ground","Solitary","Specialist"
"perdita abducta","","Ground","Solitary",""
"perdita acaciae","","Ground","Solitary","Specialist"
"perdita accepta","native","Ground","Solitary","Specialist"
"perdita adjuncta","","Ground","Solitary","Specialist"
"perdita adusiventris","","Ground","Solitary",""
"perdita aemula","","Ground","Solitary","Specialist"
"perdita affecta","","Ground","Solitary","Specialist"
"perdita affinis","","Ground","Solitary","Specialist"
"perdita agasta","","Ground","Solitary","Specialist"
"perdita ainsliei","","Ground","Solitary","Specialist"
"perdita albata","","Ground","Solitary",""
"perdita albihirta","","Ground","Solitary","Specialist"
"perdita albipennis","native","Ground","Solitary","Specialist"
"perdita albipes","","Ground","Solitary",""
"perdita albiventris","","Ground","Solitary",""
"perdita albofasciata","","Ground","Solitary","Specialist"
"perdita albonotata","","Ground","Solitary","Specialist"
"perdita albopicta","","Ground","Solitary",""
"perdita albovittata","","Ground","Solitary","Specialist"
"perdita amoena","","Ground","Solitary","Specialist"
"perdita ampla","","Ground","Solitary","Specialist"
"perdita amplipennis","","Ground","Solitary","Specialist"
"perdita ancoralis","","Ground","Solitary",""
"perdita angellata","","Ground","Solitary","Specialist"
"perdita annexa","","Ground","Solitary","Specialist"
"perdita apacheorum","","Ground","Solitary","Specialist"
"perdita aperta","","Ground","Solitary","Specialist"
"perdita aplopappi","","Ground","Solitary",""
"perdita arenaria","","Ground","Solitary","Specialist"
"perdita argemones","","Ground","Solitary","Specialist"
"perdita aridella","","Ground","Solitary","Specialist"
"perdita arizonica","","Ground","Solitary","Specialist"
"perdita ashmeadi","","Ground","Solitary","Specialist"
"perdita assimilis","","Ground","Solitary","Specialist"
"perdita associata","","Ground","Solitary",""
"perdita asteris","","Ground","Solitary","Specialist"
"perdita atrata","","Ground","Solitary","Specialist"
"perdita atriventris","","Ground","Solitary","Specialist"
"perdita aureovittata","","Ground","Solitary","Specialist"
"perdita austini","","Ground","Solitary","Specialist"
"perdita baccharidis","","Ground","Solitary","Specialist"
"perdita barri","","Ground","Solitary",""
"perdita basinicola","","Ground","Solitary",""
"perdita beameri","","Ground","Solitary","Specialist"
"perdita beata","","Ground","Solitary","Specialist"
"perdita beatula","","Ground","Solitary","Specialist"
"perdita bebbiae","","Ground","Solitary",""
"perdita bellula","","Ground","Solitary","Specialist"
"perdita bequaerti","native","Ground","Solitary","Specialist"
"perdita bequaertiana","native","Ground","Solitary","Specialist"
"perdita bicuspidariae","","Ground","Solitary","Specialist"
"perdita bifasciata","","Ground","Solitary",""
"perdita bigeloviae","","Ground","Solitary","Specialist"
"perdita biguttata","","Ground","Solitary","Specialist"
"perdita bilobata","","Ground","Solitary","Specialist"
"perdita binotata","","Ground","Solitary","Specialist"
"perdita biparticeps","","Ground","Solitary","Specialist"
"perdita bishoppi","","Ground","Solitary","Specialist"
"perdita bispinata","","Ground","Solitary","Specialist"
"perdita blaisdelli","","Ground","Solitary",""
"perdita blatchleyi","native","Ground","Solitary","Specialist"
"perdita bohartorum","","Ground","Solitary","Specialist"
"perdita boltoniae","native","Ground","Solitary","Specialist"
"perdita brachyglossa","","Ground","Solitary",""
"perdita bradleyana","","Ground","Solitary","Specialist"
"perdita bradleyi","","Ground","Solitary",""
"perdita brevihirta","","Ground","Solitary","Specialist"
"perdita bridwelli","","Ground","Solitary","Specialist"
"perdita bruneri","","Ground","Solitary","Specialist"
"perdita butleri","","Ground","Solitary","Specialist"
"perdita californica","native","Ground","Solitary","Generalist"
"perdita callicerata","","Ground","Solitary","Specialist"
"perdita calloleuca","","Ground","Solitary","Specialist"
"perdita calochorti","native","Ground","Solitary","Specialist"
"perdita cambarella","","Ground","Solitary","Specialist"
"perdita cara","","Ground","Solitary","Specialist"
"perdita cazieri","","Ground","Solitary","Specialist"
"perdita cephalotes","","Ground","Solitary","Specialist"
"perdita chamaesarachae","","Ground","Solitary","Specialist"
"perdita chihuahua","","Ground","Solitary","Specialist"
"perdita chionostoma","","Ground","Solitary","Specialist"
"perdita chloris","","Ground","Solitary","Specialist"
"perdita chrysophila","","Ground","Solitary","Specialist"
"perdita chrysothamni","","Ground","Solitary","Specialist"
"perdita ciliata","","Ground","Solitary","Specialist"
"perdita cinctiventris","","Ground","Solitary",""
"perdita cingulata","","Ground","Solitary",""
"perdita cladothricis","","Ground","Solitary","Specialist"
"perdita claripennis","","Ground","Solitary",""
"perdita claypolei","","Ground","Solitary","Specialist"
"perdita cleomellae","","Ground","Solitary","Specialist"
"perdita clypeata","","Ground","Solitary","Specialist"
"perdita coahuilensis","","Ground","Solitary","Specialist"
"perdita coalingensis","","Ground","Solitary","Specialist"
"perdita cochiseana","","Ground","Solitary",""
"perdita cognata","","Ground","Solitary","Specialist"
"perdita coldeniae","","Ground","Solitary","Specialist"
"perdita colei","","Ground","Solitary","Specialist"
"perdita compacta","","Ground","Solitary",""
"perdita compactilis","","Ground","Solitary",""
"perdita compta","","Ground","Solitary","Specialist"
"perdita confusa","","Ground","Solitary","Specialist"
"perdita congrua","","Ground","Solitary",""
"perdita consobrina","native","Ground","Solitary","Specialist"
"perdita coreopsidis","","Ground","Solitary","Specialist"
"perdita cornishiana","","Ground","Solitary",""
"perdita covilleae","","Ground","Solitary","Specialist"
"perdita cowaniae","","Ground","Solitary","Specialist"
"perdita cracens","","Ground","Solitary","Specialist"
"perdita crandalli","","Ground","Solitary",""
"perdita crassula","","Ground","Solitary","Specialist"
"perdita craterognatha","","Ground","Solitary",""
"perdita croceipes","","Ground","Solitary","Specialist"
"perdita crotonis","","Ground","Solitary","Specialist"
"perdita cruciferarum","","Ground","Solitary","Specialist"
"perdita cushmani","","Ground","Solitary",""
"perdita cuspidata","","Ground","Solitary","Specialist"
"perdita dalyi","","Ground","Solitary",""
"perdita dammersi","","Ground","Solitary","Specialist"
"perdita dasylirii","","Ground","Solitary","Specialist"
"perdita davidsoni","","Ground","Solitary",""
"perdita deltophora","","Ground","Solitary","Specialist"
"perdita dentata","","Ground","Solitary","Specialist"
"perdita depressa","","Ground","Solitary","Specialist"
"perdita dicksoni","","Ground","Solitary","Specialist"
"perdita difficilis","","Ground","Solitary","Specialist"
"perdita digna","","Ground","Solitary",""
"perdita digressa","","Ground","Solitary","Specialist"
"perdita dimidiata","","Ground","Solitary",""
"perdita discors","","Ground","Solitary",""
"perdita discreta","native","Ground","Solitary","Specialist"
"perdita dispar","","Ground","Solitary","Specialist"
"perdita distans","","Ground","Solitary","Specialist"
"perdita distincta","","Ground","Solitary",""
"perdita distropica","","Ground","Solitary","Specialist"
"perdita diversa","","Ground","Solitary","Specialist"
"perdita dolanensis","","Ground","Solitary","Specialist"
"perdita dolichocephala","","Ground","Solitary","Specialist"
"perdita drymariae","","Ground","Solitary",""
"perdita dubia","","Ground","Solitary","Specialist"
"perdita duplonotata","","Ground","Solitary","Specialist"
"perdita eickworti","","Ground","Solitary",""
"perdita electa","","Ground","Solitary","Specialist"
"perdita elegans","","Ground","Solitary","Specialist"
"perdita emarginata","","Ground","Solitary",""
"perdita eremica","","Ground","Solitary","Specialist"
"perdita eremophila","","Ground","Solitary","Specialist"
"perdita eriastri","","Ground","Solitary","Specialist"
"perdita ericameriae","native","Ground","Solitary","Specialist"
"perdita eriogoni","","Ground","Solitary","Specialist"
"perdita erythropyga","","Ground","Solitary",""
"perdita esmeraldensis","","Ground","Solitary",""
"perdita eucnides","","Ground","Solitary","Specialist"
"perdita euphorbiae","","Ground","Solitary","Specialist"
"perdita euzonata","","Ground","Solitary","Specialist"
"perdita excellens","","Ground","Solitary","Specialist"
"perdita exclamans","","Ground","Solitary","Specialist"
"perdita exigua","","Ground","Solitary","Specialist"
"perdita exilis","","Ground","Solitary","Specialist"
"perdita eximia","","Ground","Solitary","Specialist"
"perdita eysenhardtiae","","Ground","Solitary",""
"perdita falcata","","Ground","Solitary","Specialist"
"perdita fallax","","Ground","Solitary","Specialist"
"perdita fallugiae","","Ground","Solitary","Specialist"
"perdita fedorensis","","Ground","Solitary",""
"perdita festiva","","Ground","Solitary","Specialist"
"perdita fidissima","","Ground","Solitary",""
"perdita fieldi","","Ground","Solitary","Specialist"
"perdita flavicauda","","Ground","Solitary","Specialist"
"perdita flaviceps","","Ground","Solitary","Specialist"
"perdita flavifrons","","Ground","Solitary","Specialist"
"perdita flavipes","","Ground","Solitary","Specialist"
"perdita flaviventris","","Ground","Solitary",""
"perdita floridensis","native","Ground","Solitary","Specialist"
"perdita florissantella","","Ground","Solitary","Specialist"
"perdita foleyi","","Ground","Solitary","Specialist"
"perdita foveata","native","Ground","Solitary","Specialist"
"perdita foxi","","Ground","Solitary","Specialist"
"perdita fracticincta","","Ground","Solitary",""
"perdita frontalis","","Ground","Solitary","Specialist"
"perdita fulvescens","","Ground","Solitary","Specialist"
"perdita fulvicauda","","Ground","Solitary","Specialist"
"perdita fuscipes","","Ground","Solitary",""
"perdita geminata","","Ground","Solitary","Specialist"
"perdita genalis","","Ground","Solitary","Specialist"
"perdita gentilis","","Ground","Solitary","Specialist"
"perdita georgica","native","Ground","Solitary","Specialist"
"perdita gerardiae","native","Ground","Solitary","Specialist"
"perdita gerhardi","native","Ground","Solitary","Specialist"
"perdita gertschi","","Ground","Solitary",""
"perdita giliae","","Ground","Solitary","Specialist"
"perdita gillaspyi","","Ground","Solitary",""
"perdita glabrescens","","Ground","Solitary","Specialist"
"perdita glamis","","Ground","Solitary",""
"perdita gracilis","","Ground","Solitary","Specialist"
"perdita graenicheri","native","Ground","Solitary","Specialist"
"perdita grandiceps","","Ground","Solitary","Specialist"
"perdita greggiae","","Ground","Solitary",""
"perdita gutierreziae","","Ground","Solitary","Specialist"
"perdita haigi","","Ground","Solitary","Specialist"
"perdita halictoides","native","Ground","Solitary","Specialist"
"perdita halli","","Ground","Solitary",""
"perdita heliophila","","Ground","Solitary","Specialist"
"perdita heliotropii","","Ground","Solitary","Specialist"
"perdita heterothecae","","Ground","Solitary","Specialist"
"perdita hilaris","","Ground","Solitary",""
"perdita hirsuta","","Ground","Solitary","Specialist"
"perdita hirtella","","Ground","Solitary",""
"perdita hirticeps","native","Ground","Solitary","Specialist"
"perdita holoxantha","","Ground","Solitary","Specialist"
"perdita hubbelli","","Ground","Solitary","Specialist"
"perdita humilis","","Ground","Solitary",""
"perdita hurdi","","Ground","Solitary","Specialist"
"perdita idahoensis","","Ground","Solitary",""
"perdita idonea","","Ground","Solitary","Specialist"
"perdita ignota","","Ground","Solitary","Specialist"
"perdita imbellis","","Ground","Solitary","Specialist"
"perdita imberbis","","Ground","Solitary","Specialist"
"perdita impigra","","Ground","Solitary",""
"perdita impressa","","Ground","Solitary",""
"perdita impunctifrons","","Ground","Solitary",""
"perdita incana","","Ground","Solitary","Specialist"
"perdita incompta","","Ground","Solitary",""
"perdita indioensis","","Ground","Solitary","Specialist"
"perdita infelix","","Ground","Solitary",""
"perdita innotata","","Ground","Solitary","Specialist"
"perdita inornata","","Ground","Solitary","Specialist"
"perdita insequens","","Ground","Solitary",""
"perdita interrupta","native","Ground","Solitary","Generalist"
"perdita interserta","","Ground","Solitary","Specialist"
"perdita inyoensis","","Ground","Solitary","Specialist"
"perdita irregularis","","Ground","Solitary","Specialist"
"perdita isocomae","","Ground","Solitary","Specialist"
"perdita jonesi","","Ground","Solitary","Specialist"
"perdita jucunda","","Ground","Solitary","Specialist"
"perdita kanabensis","","Ground","Solitary","Specialist"
"perdita kiowi","native","Ground","Solitary","Specialist"
"perdita knowltoni","","Ground","Solitary","Specialist"
"perdita koebelei","","Ground","Solitary","Specialist"
"perdita krombeini","native","Ground","Solitary","Specialist"
"perdita labergei","","Ground","Solitary","Specialist"
"perdita labrata","","Ground","Solitary","Specialist"
"perdita larreae","native","Ground","Solitary","Specialist"
"perdita lasiogastra","","Ground","Solitary","Specialist"
"perdita lateralis","","Ground","Solitary","Specialist"
"perdita laticincta","","Ground","Solitary","Specialist"
"perdita latior","","Ground","Solitary","Specialist"
"perdita layiae","","Ground","Solitary","Specialist"
"perdita lenis","","Ground","Solitary","Specialist"
"perdita lepachidis","","Ground","Solitary","Specialist"
"perdita lepidosparti","","Ground","Solitary","Specialist"
"perdita leucogastra","","Ground","Solitary","Specialist"
"perdita leucophylli","","Ground","Solitary","Specialist"
"perdita leucosticta","","Ground","Solitary","Specialist"
"perdita leucostoma","","Ground","Solitary","Specialist"
"perdita levigata","","Ground","Solitary",""
"perdita lingualis","","Ground","Solitary","Specialist"
"perdita linsleyi","","Ground","Solitary",""
"perdita lucens","","Ground","Solitary","Specialist"
"perdita luciae","","Ground","Solitary","Specialist"
"perdita lucidella","","Ground","Solitary","Specialist"
"perdita luculenta","","Ground","Solitary","Specialist"
"perdita lunulata","","Ground","Solitary",""
"perdita luteiceps","","Ground","Solitary","Specialist"
"perdita luteola","","Ground","Solitary","Specialist"
"perdita lycii","","Ground","Solitary",""
"perdita macneilli","","Ground","Solitary",""
"perdita macrostoma","","Ground","Solitary","Specialist"
"perdita macswaini","","Ground","Solitary","Specialist"
"perdita maculigera","native","Ground","Solitary","Specialist"
"perdita maculipes","","Ground","Solitary","Specialist"
"perdita maculosa","","Ground","Solitary","Specialist"
"perdita malacothricis","","Ground","Solitary","Specialist"
"perdita mandibularis","","Ground","Solitary","Specialist"
"perdita marcialis","","Ground","Solitary","Specialist"
"perdita martini","","Ground","Solitary","Specialist"
"perdita meconis","","Ground","Solitary","Specialist"
"perdita media","","Ground","Solitary","Specialist"
"perdita medialis","","Ground","Solitary",""
"perdita melanchlora","","Ground","Solitary","Specialist"
"perdita melanderi","","Ground","Solitary",""
"perdita melanogastra","","Ground","Solitary",""
"perdita melanops","","Ground","Solitary",""
"perdita melanostoma","","Ground","Solitary","Specialist"
"perdita melanura","","Ground","Solitary",""
"perdita mentzeliae","","Ground","Solitary","Specialist"
"perdita mentzeliarum","","Ground","Solitary","Specialist"
"perdita mesillensis","","Ground","Solitary","Specialist"
"perdita michelbacheri","","Ground","Solitary",""
"perdita micheneri","","Ground","Solitary","Specialist"
"perdita microsticta","","Ground","Solitary","Specialist"
"perdita mimosae","","Ground","Solitary","Specialist"
"perdita mimula","","Ground","Solitary",""
"perdita minima","native","Ground","Solitary","Generalist"
"perdita missionis","","Ground","Solitary","Specialist"
"perdita mitchelli","native","Ground","Solitary","Specialist"
"perdita moabensis","","Ground","Solitary","Specialist"
"perdita modestissima","","Ground","Solitary",""
"perdita mohavensis","","Ground","Solitary","Specialist"
"perdita moldenkei","","Ground","Solitary",""
"perdita montereyensis","","Ground","Solitary","Specialist"
"perdita mormonica","","Ground","Solitary","Specialist"
"perdita morula","","Ground","Solitary","Specialist"
"perdita mucronata","","Ground","Solitary","Specialist"
"perdita multiflorae","","Ground","Solitary","Specialist"
"perdita munda","","Ground","Solitary","Specialist"
"perdita munita","","Ground","Solitary","Specialist"
"perdita namatophila","","Ground","Solitary","Specialist"
"perdita nanula","","Ground","Solitary","Specialist"
"perdita nasuta","","Ground","Solitary","Specialist"
"perdita navarretiae","","Ground","Solitary","Specialist"
"perdita nebrascensis","","Ground","Solitary","Specialist"
"perdita neffi","","Ground","Solitary",""
"perdita nevadensis","","Ground","Solitary","Specialist"
"perdita nevadiana","","Ground","Solitary","Specialist"
"perdita nigricornis","","Ground","Solitary",""
"perdita nigridia","","Ground","Solitary","Specialist"
"perdita nigroaenea","","Ground","Solitary",""
"perdita nigrocaerulea","","Ground","Solitary",""
"perdita nigrocincta","","Ground","Solitary",""
"perdita nigroclypeata","","Ground","Solitary","Specialist"
"perdita nigroviridis","","Ground","Solitary","Specialist"
"perdita nitens","","Ground","Solitary","Specialist"
"perdita novaeangliae","native","Ground","Solitary","Specialist"
"perdita nubila","native","Ground","Solitary","Specialist"
"perdita nuda","","Ground","Solitary","Specialist"
"perdita numerata","","Ground","Solitary","Specialist"
"perdita obliqua","","Ground","Solitary","Specialist"
"perdita obliquenotata","","Ground","Solitary","Specialist"
"perdita obscurata","native","Ground","Solitary","Specialist"
"perdita obscurella","","Ground","Solitary","Specialist"
"perdita obscuripennis","","Ground","Solitary","Specialist"
"perdita obtusa","","Ground","Solitary","Specialist"
"perdita occidua","","Ground","Solitary","Specialist"
"perdita occlusa","","Ground","Solitary","Specialist"
"perdita octomaculata","native","Ground","Solitary","Generalist"
"perdita omani","","Ground","Solitary","Specialist"
"perdita optiva","","Ground","Solitary","Specialist"
"perdita ordinata","","Ground","Solitary","Specialist"
"perdita oregonensis","","Ground","Solitary","Specialist"
"perdita oreophila","","Ground","Solitary","Specialist"
"perdita ovaliceps","","Ground","Solitary","Specialist"
"perdita pachygnatha","","Ground","Solitary",""
"perdita pallida","native","Ground","Solitary","Specialist"
"perdita pallidipes","","Ground","Solitary","Specialist"
"perdita pallidiventris","","Ground","Solitary","Specialist"
"perdita panocheana","","Ground","Solitary","Specialist"
"perdita paroselae","","Ground","Solitary","Specialist"
"perdita parryellae","","Ground","Solitary",""
"perdita paula","","Ground","Solitary","Specialist"
"perdita pauliana","","Ground","Solitary",""
"perdita pauxilla","","Ground","Solitary",""
"perdita pectidis","","Ground","Solitary","Specialist"
"perdita pectoralis","","Ground","Solitary","Specialist"
"perdita peculiaris","","Ground","Solitary","Specialist"
"perdita pelargoides","","Ground","Solitary","Specialist"
"perdita percincta","","Ground","Solitary","Specialist"
"perdita perixantha","","Ground","Solitary",""
"perdita perlucens","","Ground","Solitary",""
"perdita perpallida","native","Ground","Solitary","Specialist"
"perdita perplexa","","Ground","Solitary","Specialist"
"perdita perpulchra","","Ground","Solitary","Specialist"
"perdita phymatae","","Ground","Solitary","Specialist"
"perdita physalidis","","Ground","Solitary",""
"perdita picturata","","Ground","Solitary","Specialist"
"perdita pilonotata","","Ground","Solitary","Specialist"
"perdita pinguis","","Ground","Solitary",""
"perdita placens","","Ground","Solitary",""
"perdita placida","","Ground","Solitary",""
"perdita planifrons","","Ground","Solitary",""
"perdita plucheae","","Ground","Solitary","Specialist"
"perdita polita","native","Ground","Solitary","Specialist"
"perdita politissima","","Ground","Solitary",""
"perdita polycarpae","","Ground","Solitary","Specialist"
"perdita polygonellae","","Ground","Solitary","Specialist"
"perdita polytropica","","Ground","Solitary","Specialist"
"perdita pratensis","","Ground","Solitary",""
"perdita pratti","","Ground","Solitary","Specialist"
"perdita primula","","Ground","Solitary",""
"perdita prionopsidis","","Ground","Solitary","Specialist"
"perdita propinqua","","Ground","Solitary","Specialist"
"perdita prosopidis","","Ground","Solitary","Specialist"
"perdita proxima","","Ground","Solitary","Specialist"
"perdita pulchella","","Ground","Solitary","Specialist"
"perdita pulliventris","","Ground","Solitary","Specialist"
"perdita pumila","","Ground","Solitary","Specialist"
"perdita puncticeps","","Ground","Solitary",""
"perdita punctifera","","Ground","Solitary","Specialist"
"perdita punctifrons","","Ground","Solitary","Specialist"
"perdita punctosignata","native","Ground","Solitary","Specialist"
"perdita punctulata","","Ground","Solitary","Specialist"
"perdita purpurascens","","Ground","Solitary","Specialist"
"perdita pusilla","","Ground","Solitary","Specialist"
"perdita pusillissima","","Ground","Solitary",""
"perdita pygidialis","","Ground","Solitary","Specialist"
"perdita pyrifera","","Ground","Solitary","Specialist"
"perdita quadraticeps","","Ground","Solitary","Specialist"
"perdita quadrisignata","","Ground","Solitary","Specialist"
"perdita rectangulata","","Ground","Solitary","Specialist"
"perdita recticincta","","Ground","Solitary",""
"perdita rehni","","Ground","Solitary","Specialist"
"perdita repens","","Ground","Solitary",""
"perdita reperta","","Ground","Solitary","Specialist"
"perdita replicans","","Ground","Solitary",""
"perdita retusa","","Ground","Solitary","Specialist"
"perdita rhodogastra","","Ground","Solitary","Specialist"
"perdita rhodura","","Ground","Solitary","Specialist"
"perdita rhois","","Ground","Solitary","Generalist"
"perdita richardsi","","Ground","Solitary",""
"perdita rivalis","","Ground","Solitary","Specialist"
"perdita robustula","","Ground","Solitary","Specialist"
"perdita rozeni","","Ground","Solitary","Specialist"
"perdita rudei","","Ground","Solitary",""
"perdita salicis","native","Ground","Solitary","Specialist"
"perdita salviae","","Ground","Solitary","Specialist"
"perdita sandhouseae","","Ground","Solitary",""
"perdita santaclarensis","","Ground","Solitary","Specialist"
"perdita schlingeri","","Ground","Solitary",""
"perdita scitula","","Ground","Solitary","Specialist"
"perdita scopata","","Ground","Solitary","Specialist"
"perdita scotti","","Ground","Solitary","Specialist"
"perdita scutellaris","","Ground","Solitary","Specialist"
"perdita sedulosa","","Ground","Solitary",""
"perdita sejuncta","","Ground","Solitary","Specialist"
"perdita semicaerulea","","Ground","Solitary","Specialist"
"perdita semicrocea","","Ground","Solitary","Specialist"
"perdita semilutea","","Ground","Solitary",""
"perdita senecionis","","Ground","Solitary",""
"perdita separata","","Ground","Solitary",""
"perdita sexfasciata","","Ground","Solitary","Specialist"
"perdita sexmaculata","native","Ground","Solitary","Generalist"
"perdita sexnotata","","Ground","Solitary","Specialist"
"perdita shinnersi","","Ground","Solitary","Specialist"
"perdita sidae","","Ground","Solitary","Specialist"
"perdita similis","native","Ground","Solitary","Specialist"
"perdita snellingi","","Ground","Solitary","Specialist"
"perdita snowii","","Ground","Solitary","Specialist"
"perdita socia","","Ground","Solitary","Specialist"
"perdita solidaginis","","Ground","Solitary",""
"perdita sonorensis","","Ground","Solitary","Specialist"
"perdita speciosa","","Ground","Solitary","Specialist"
"perdita sphaeralceae","","Ground","Solitary","Specialist"
"perdita stabilis","","Ground","Solitary",""
"perdita stathamae","","Ground","Solitary","Specialist"
"perdita stenopyga","","Ground","Solitary","Specialist"
"perdita stephanomeriae","","Ground","Solitary","Specialist"
"perdita stepheni","","Ground","Solitary","Specialist"
"perdita sternalis","","Ground","Solitary","Specialist"
"perdita stottleri","","Ground","Solitary","Specialist"
"perdita suavis","","Ground","Solitary",""
"perdita subfasciata","","Ground","Solitary","Specialist"
"perdita subglabra","","Ground","Solitary","Specialist"
"perdita submedia","","Ground","Solitary",""
"perdita subvestita","","Ground","Solitary","Specialist"
"perdita sulphuripes","","Ground","Solitary",""
"perdita swenki","native","Ground","Solitary","Specialist"
"perdita swezeyi","","Ground","Solitary","Specialist"
"perdita tacita","","Ground","Solitary",""
"perdita taeniata","","Ground","Solitary","Specialist"
"perdita tarda","","Ground","Solitary","Specialist"
"perdita tenebrosa","","Ground","Solitary","Specialist"
"perdita tessellata","","Ground","Solitary",""
"perdita thelypodii","","Ground","Solitary","Specialist"
"perdita thermophila","","Ground","Solitary","Specialist"
"perdita timberlakei","","Ground","Solitary","Specialist"
"perdita torchioi","","Ground","Solitary","Specialist"
"perdita tortifoliae","","Ground","Solitary","Specialist"
"perdita toschiae","","Ground","Solitary",""
"perdita townesi","native","Ground","Solitary","Specialist"
"perdita townsendi","","Ground","Solitary","Specialist"
"perdita translineata","","Ground","Solitary","Specialist"
"perdita transversa","","Ground","Solitary",""
"perdita triangulifera","","Ground","Solitary","Specialist"
"perdita tricincta","","Ground","Solitary","Specialist"
"perdita tridentata","","Ground","Solitary","Specialist"
"perdita trifasciata","","Ground","Solitary","Specialist"
"perdita trifida","","Ground","Solitary","Specialist"
"perdita trimaculata","","Ground","Solitary","Specialist"
"perdita trinotata","","Ground","Solitary","Specialist"
"perdita trisignata","","Ground","Solitary","Specialist"
"perdita truncatella","","Ground","Solitary","Specialist"
"perdita tularensis","","Ground","Solitary","Specialist"
"perdita tumida","","Ground","Solitary",""
"perdita turgiceps","","Ground","Solitary","Specialist"
"perdita utahensis","","Ground","Solitary","Specialist"
"perdita ute","","Ground","Solitary","Specialist"
"perdita valida","","Ground","Solitary","Specialist"
"perdita vandykei","","Ground","Solitary","Specialist"
"perdita variegata","","Ground","Solitary","Specialist"
"perdita varleyi","","Ground","Solitary","Specialist"
"perdita ventralis","","Ground","Solitary","Specialist"
"perdita verbesinae","","Ground","Solitary","Specialist"
"perdita veris","","Ground","Solitary","Specialist"
"perdita versuta","","Ground","Solitary",""
"perdita vesca","","Ground","Solitary","Specialist"
"perdita vestita","","Ground","Solitary","Specialist"
"perdita vicina","","Ground","Solitary","Specialist"
"perdita vidua","","Ground","Solitary","Specialist"
"perdita viridicollis","","Ground","Solitary","Specialist"
"perdita vittata","","Ground","Solitary","Specialist"
"perdita wasbaueri","","Ground","Solitary","Specialist"
"perdita werneri","","Ground","Solitary",""
"perdita wheeleri","","Ground","Solitary",""
"perdita willcoxiana","","Ground","Solitary",""
"perdita wilmattae","","Ground","Solitary","Specialist"
"perdita wislizeniae","","Ground","Solitary","Specialist"
"perdita wootonae","","Ground","Solitary","Specialist"
"perdita wyomingensis","native","Ground","Solitary","Specialist"
"perdita xanthisma","","Ground","Solitary","Specialist"
"perdita xanthochroa","","Ground","Solitary","Specialist"
"perdita xanthodes","","Ground","Solitary",""
"perdita xanthops","","Ground","Solitary","Specialist"
"perdita xanthoxyli","","Ground","Solitary","Specialist"
"perdita xerophila","","Ground","Solitary","Specialist"
"perdita yosemitensis","","Ground","Solitary","Specialist"
"perdita zavortinki","","Ground","Solitary",""
"perdita zebrata","","Ground","Solitary","Specialist"
"perdita zonalis","","Ground","Solitary","Specialist"
"protandrena abdominalis","native","Ground","Solitary","Specialist"
"protandrena amplipennis","","Ground","Solitary",""
"protandrena bachue","","Ground","Solitary",""
"protandrena bancrofti","","Ground","Solitary","Generalist"
"protandrena bicolor","","Ground","Solitary",""
"protandrena bishoppi","","Ground","Solitary",""
"protandrena boharti","","Ground","Solitary",""
"protandrena cockerelli","native","Ground","Solitary",""
"protandrena cognata","","Ground","Solitary",""
"protandrena duplonotata","","Ground","Solitary",""
"protandrena durangoensis","","Ground","Solitary",""
"protandrena euphorbiae","","Ground","Solitary",""
"protandrena heteromorpha","","Ground","Solitary",""
"protandrena hurdi","","Ground","Solitary",""
"protandrena kansensis","","Ground","Solitary",""
"protandrena leucopus","","Ground","Solitary",""
"protandrena maurula","","Ground","Solitary",""
"protandrena mexicanorum","native","Ground","Solitary","Generalist"
"protandrena nudescens","","Ground","Solitary",""
"protandrena pectidis","","Ground","Solitary",""
"protandrena pernitens","","Ground","Solitary",""
"protandrena sorocula","","Ground","Solitary",""
"protandrena sphaeralceae","","Ground","Solitary",""
"protandrena swenki","","Ground","Solitary",""
"protandrena texana","","Ground","Solitary",""
"protandrena tidestromiae","","Ground","Solitary",""
"protandrena trifoliata","","Ground","Solitary",""
"protandrena verbesinae","","Ground","Solitary",""
"protodufourea eickworti","native","Ground","",""
"protodufourea koso","","Ground","",""
"protodufourea parca","","Ground","",""
"protodufourea wasbaueri","native","Ground","","Specialist"
"protodufourea zavortinki","","Ground","",""
"protosmia rubifloris","native","Ground","Solitary","Generalist"
"protoxaea gloriosa","native","Ground","Solitary","Generalist"
"pseudaugochlora graminea","","Ground","Solitary",""
"pseudopanurgus aethiops","native","Ground","Solitary","Specialist"
"pseudopanurgus albitarsis","native","Ground","Solitary",""
"pseudopanurgus altissimus","","Ground","Solitary",""
"pseudopanurgus andrenoides","native","Ground","Solitary",""
"pseudopanurgus arizonicus","","Ground","Solitary",""
"pseudopanurgus atricornis","","Ground","Solitary",""
"pseudopanurgus aurifodinae","","Ground","Solitary",""
"pseudopanurgus bakeri","","Ground","Solitary",""
"pseudopanurgus barberi","","Ground","Solitary",""
"pseudopanurgus boylei","","Ground","Solitary",""
"pseudopanurgus californicus","","Ground","Solitary",""
"pseudopanurgus cazieri","","Ground","Solitary",""
"pseudopanurgus citrinifrons","","Ground","Solitary",""
"pseudopanurgus citripes","","Ground","Solitary",""
"pseudopanurgus compositarum","native","Ground","Solitary",""
"pseudopanurgus dakotensis","","Ground","Solitary",""
"pseudopanurgus dawsoni","","Ground","Solitary",""
"pseudopanurgus dicksoni","","Ground","Solitary",""
"pseudopanurgus didirupa","","Ground","Solitary",""
"pseudopanurgus durangoensis","","Ground","Solitary",""
"pseudopanurgus euphorbiae","","Ground","Solitary",""
"pseudopanurgus expallidus","","Ground","Solitary",""
"pseudopanurgus flavotinctus","","Ground","Solitary",""
"pseudopanurgus fraterculus","","Ground","Solitary",""
"pseudopanurgus helianthi","","Ground","Solitary","Specialist"
"pseudopanurgus horizontalis","","Ground","Solitary",""
"pseudopanurgus illinoiensis","native","Ground","Solitary",""
"pseudopanurgus illustris","","Ground","Solitary",""
"pseudopanurgus innuptus","","Ground","Solitary",""
"pseudopanurgus irregularis","","Ground","Solitary",""
"pseudopanurgus labrosiformis","native","Ground","Solitary",""
"pseudopanurgus labrosus","native","Ground","Solitary",""
"pseudopanurgus leucopterus","","Ground","Solitary",""
"pseudopanurgus mexicanus","","Ground","Solitary",""
"pseudopanurgus nanulus","","Ground","Solitary",""
"pseudopanurgus nebrascensis","native","Ground","Solitary","Generalist"
"pseudopanurgus neomexicanus","","Ground","Solitary",""
"pseudopanurgus nubis","","Ground","Solitary",""
"pseudopanurgus occiduus","","Ground","Solitary",""
"pseudopanurgus opacicollis","","Ground","Solitary",""
"pseudopanurgus opaculus","","Ground","Solitary",""
"pseudopanurgus ornatipes","","Ground","Solitary",""
"pseudopanurgus parvus","","Ground","Solitary","Generalist"
"pseudopanurgus pauper","","Ground","Solitary","Specialist"
"pseudopanurgus pecki","","Ground","Solitary",""
"pseudopanurgus pectidellus","","Ground","Solitary",""
"pseudopanurgus pectiphilus","","Ground","Solitary",""
"pseudopanurgus perarmatus","","Ground","Solitary",""
"pseudopanurgus perlaevis","","Ground","Solitary",""
"pseudopanurgus pernitens","","Ground","Solitary",""
"pseudopanurgus perpunctatus","","Ground","Solitary",""
"pseudopanurgus piercei","","Ground","Solitary",""
"pseudopanurgus planatus","","Ground","Solitary",""
"pseudopanurgus porterae","","Ground","Solitary",""
"pseudopanurgus pulchricornis","","Ground","Solitary",""
"pseudopanurgus readioi","","Ground","Solitary",""
"pseudopanurgus renimaculatus","","Ground","Solitary",""
"pseudopanurgus rudbeckiae","","Ground","Solitary",""
"pseudopanurgus rugosus","native","Ground","Solitary","Specialist"
"pseudopanurgus simulans","","Ground","Solitary",""
"pseudopanurgus solidaginis","native","Ground","Solitary","Generalist"
"pseudopanurgus stathamae","","Ground","Solitary",""
"pseudopanurgus stigmalis","","Ground","Solitary",""
"pseudopanurgus subglaber","","Ground","Solitary",""
"pseudopanurgus texanus","","Ground","Solitary",""
"pseudopanurgus tomentosus","","Ground","Solitary",""
"pseudopanurgus townsendi","","Ground","Solitary",""
"pseudopanurgus verticalis","","Ground","Solitary",""
"pseudopanurgus vicinis","","Ground","Solitary",""
"pseudopanurgus virginicus","native","Ground","Solitary",""
"pseudopanurgus ximenesiae","","Ground","Solitary",""
"ptiloglossa arizonensis","","Ground","Solitary",""
"ptiloglossa jonesi","","Ground","Solitary",""
"ptiloglossa mexicana","native","Ground","Solitary",""
"ptilothrix bombiformis","native","Ground","Solitary","Specialist"
"ptilothrix sumichrasti","","Ground","Solitary","Specialist"
"rhopalolemma robertsi","","Host Nest","Parasitic",""
"rhopalolemma rotundiceps","native","Host Nest","Parasitic",""
"simanthedon linsleyi","native","Ground","",""
"sphecodes albilabris","introduced","Host Nest","Parasitic",""
"sphecodes antennariae","","Host Nest","Parasitic",""
"sphecodes aroniae","native","Host Nest","Parasitic","Generalist"
"sphecodes arroyanus","","Host Nest","Parasitic",""
"sphecodes arvensiformis","","Host Nest","Parasitic",""
"sphecodes asclepiadis","","Host Nest","Parasitic",""
"sphecodes atlanticus","introduced","Host Nest","Parasitic",""
"sphecodes atlantis","","Host Nest","Parasitic",""
"sphecodes autumnalis","","Host Nest","Parasitic",""
"sphecodes banksii","native","Host Nest","Parasitic","Generalist"
"sphecodes brachycephalus","","Host Nest","Parasitic",""
"sphecodes californicus","","Host Nest","Parasitic",""
"sphecodes carolinus","","Host Nest","Parasitic",""
"sphecodes castaneae","","Host Nest","Parasitic",""
"sphecodes centralis","","Host Nest","Parasitic",""
"sphecodes cephalotes","","Host Nest","Parasitic",""
"sphecodes clematidis","","Host Nest","Parasitic",""
"sphecodes columbiae","","Host Nest","Parasitic",""
"sphecodes confertus","native","Host Nest","Parasitic","Generalist"
"sphecodes connexus","","Host Nest","Parasitic",""
"sphecodes coronus","","Host Nest","Parasitic",""
"sphecodes crawfordi","native","Host Nest","Parasitic",""
"sphecodes cressonii","","Host Nest","Parasitic",""
"sphecodes davisii","native","Host Nest","Parasitic","Generalist"
"sphecodes dichrous","native","Host Nest","Parasitic","Generalist"
"sphecodes eustictus","","Host Nest","Parasitic",""
"sphecodes exaltus","native","Host Nest","Parasitic",""
"sphecodes fattigi","","Host Nest","Parasitic",""
"sphecodes fortior","","Host Nest","Parasitic",""
"sphecodes fragariae","","Host Nest","Parasitic",""
"sphecodes galerus","native","Host Nest","Parasitic",""
"sphecodes heraclei","native","Host Nest","Parasitic","Generalist"
"sphecodes hesperellus","","Host Nest","Parasitic",""
"sphecodes hirtellus","","Host Nest","Parasitic",""
"sphecodes hydrangeae","","Host Nest","Parasitic",""
"sphecodes illinoensis","","Host Nest","Parasitic",""
"sphecodes johnsonii","native","Host Nest","Parasitic",""
"sphecodes kincaidii","native","Host Nest","Parasitic",""
"sphecodes knetschi","","Host Nest","Parasitic",""
"sphecodes laetus","","Host Nest","Parasitic",""
"sphecodes lautipennis","","Host Nest","Parasitic",""
"sphecodes levis","","Host Nest","Parasitic",""
"sphecodes mandibularis","native","Host Nest","Parasitic","Generalist"
"sphecodes manni","","Host Nest","Parasitic",""
"sphecodes millsi","","Host Nest","Parasitic",""
"sphecodes minor","","Host Nest","Parasitic",""
"sphecodes nigricans","","Host Nest","Parasitic",""
"sphecodes nigricorpus","","Host Nest","Parasitic",""
"sphecodes nigritus","","Host Nest","Parasitic",""
"sphecodes nitidissimus","","Host Nest","Parasitic",""
"sphecodes olympicus","","Host Nest","Parasitic",""
"sphecodes paraplesius","native","Host Nest","Parasitic",""
"sphecodes patruelis","","Host Nest","Parasitic",""
"sphecodes pecosensis","","Host Nest","Parasitic",""
"sphecodes perlustrans","","Host Nest","Parasitic",""
"sphecodes pimpinellae","native","Host Nest","Parasitic","Generalist"
"sphecodes prosphorus","","Host Nest","Parasitic",""
"sphecodes prostygius","","Host Nest","Parasitic",""
"sphecodes pulsatillae","","Host Nest","Parasitic",""
"sphecodes punctatus","","Host Nest","Parasitic",""
"sphecodes puncticollis","","Host Nest","Parasitic",""
"sphecodes pusillus","","Host Nest","Parasitic",""
"sphecodes pycnanthemi","","Host Nest","Parasitic",""
"sphecodes ranunculi","native","Host Nest","Parasitic","Generalist"
"sphecodes rhois","","Host Nest","Parasitic",""
"sphecodes rohweri","","Host Nest","Parasitic",""
"sphecodes rugulosus","","Host Nest","Parasitic",""
"sphecodes semicoloratus","","Host Nest","Parasitic",""
"sphecodes shawi","","Host Nest","Parasitic",""
"sphecodes smilacinae","native","Host Nest","Parasitic",""
"sphecodes solonis","","Host Nest","Parasitic",""
"sphecodes sophiae","","Host Nest","Parasitic",""
"sphecodes stygius","native","Host Nest","Parasitic","Generalist"
"sphecodes sulcatulus","","Host Nest","Parasitic",""
"sphecodes tanoi","","Host Nest","Parasitic",""
"sphecodes townesi","","Host Nest","Parasitic",""
"sphecodes trentonensis","","Host Nest","Parasitic",""
"sphecodes veganus","","Host Nest","Parasitic",""
"sphecodes washingtoni","","Host Nest","Parasitic",""
"sphecodes wheeleri","","Host Nest","Parasitic",""
"sphecodosoma beameri","","Ground","Plastic","Specialist"
"sphecodosoma dicksoni","native","Ground","Plastic","Specialist"
"sphecodosoma pratti","","Ground","Plastic","Specialist"
"stelis acutiventris","native","Host Nest","Parasitic",""
"stelis anthidioides","native","Host Nest","Parasitic",""
"stelis anthracina","native","Host Nest","Parasitic",""
"stelis ashmeadiellae","native","Host Nest","Parasitic",""
"stelis ater","native","Host Nest","Parasitic",""
"stelis australis","native","Host Nest","Parasitic",""
"stelis calliphorina","native","Host Nest","Parasitic",""
"stelis callura","native","Host Nest","Parasitic",""
"stelis carnifex","native","Host Nest","Parasitic",""
"stelis chlorocyanea","","Host Nest","Parasitic",""
"stelis coarctatus","native","Host Nest","Parasitic",""
"stelis cockerelli","native","Host Nest","Parasitic",""
"stelis costalis","native","Host Nest","Parasitic",""
"stelis crassiceps","","Host Nest","Parasitic",""
"stelis cusackae","","Host Nest","Parasitic",""
"stelis depressa","native","Host Nest","Parasitic",""
"stelis diversicolor","native","Host Nest","Parasitic",""
"stelis elegans","native","Host Nest","Parasitic",""
"stelis elongativentris","native","Host Nest","Parasitic",""
"stelis foederalis","native","Host Nest","Parasitic",""
"stelis fragariella","","Host Nest","Parasitic",""
"stelis franciscana","native","Host Nest","Parasitic",""
"stelis fremonti","","Host Nest","Parasitic",""
"stelis grossa","","Host Nest","Parasitic",""
"stelis hemirhoda","native","Host Nest","Parasitic",""
"stelis holocyanea","native","Host Nest","Parasitic",""
"stelis hurdi","native","Host Nest","Parasitic",""
"stelis idahoensis","","Host Nest","Parasitic",""
"stelis interrupta","native","Host Nest","Parasitic",""
"stelis labiata","native","Host Nest","Parasitic",""
"stelis lateralis","native","Host Nest","Parasitic",""
"stelis laticincta","native","Host Nest","Parasitic",""
"stelis leucotricha","","Host Nest","Parasitic",""
"stelis linsleyi","native","Host Nest","Parasitic",""
"stelis louisae","native","Host Nest","Parasitic",""
"stelis maculata","native","Host Nest","Parasitic",""
"stelis manni","native","Host Nest","Parasitic",""
"stelis melanotricha","","Host Nest","Parasitic",""
"stelis micheneri","native","Host Nest","Parasitic",""
"stelis michiganensis","native","Host Nest","Parasitic",""
"stelis montana","native","Host Nest","Parasitic",""
"stelis monticola","native","Host Nest","Parasitic",""
"stelis nigriventris","native","Host Nest","Parasitic",""
"stelis nitida","native","Host Nest","Parasitic",""
"stelis nitidula","","Host Nest","Parasitic",""
"stelis nyssonoides","","Host Nest","Parasitic",""
"stelis oreophila","native","Host Nest","Parasitic",""
"stelis palmarum","native","Host Nest","Parasitic",""
"stelis pavonina","native","Host Nest","Parasitic",""
"stelis permaculata","native","Host Nest","Parasitic",""
"stelis perpulchra","native","Host Nest","Parasitic",""
"stelis pulchra","","Host Nest","Parasitic",""
"stelis robertsoni","native","Host Nest","Parasitic",""
"stelis rubi","native","Host Nest","Parasitic",""
"stelis rudbeckiarum","native","Host Nest","Parasitic",""
"stelis semirubra","native","Host Nest","Parasitic",""
"stelis seneciophila","","Host Nest","Parasitic",""
"stelis sexmaculata","","Host Nest","Parasitic",""
"stelis subcaerulea","native","Host Nest","Parasitic",""
"stelis subemarginata","native","Host Nest","Parasitic",""
"stelis subglauca","","Host Nest","Parasitic",""
"stelis texana","native","Host Nest","Parasitic",""
"stelis trichopyga","native","Host Nest","Parasitic",""
"stelis vernalis","native","Host Nest","Parasitic",""
"svastra aegis","native","Ground","Solitary","Specialist"
"svastra atripes","native","Ground","Solitary","Generalist"
"svastra comanche","","Ground","Solitary",""
"svastra compta","native","Ground","Solitary",""
"svastra cressonii","native","Ground","Solitary","Generalist"
"svastra duplocincta","native","Ground","Solitary","Specialist"
"svastra grandissima","","Ground","Solitary",""
"svastra helianthelli","","Ground","Solitary","Specialist"
"svastra machaerantherae","","Ground","Solitary","Specialist"
"svastra nevadensis","","Ground","Solitary",""
"svastra obliqua","native","Ground","Solitary","Specialist"
"svastra pallidior","","Ground","Solitary",""
"svastra petulca","native","Ground","Solitary","Specialist"
"svastra sabinensis","","Ground","Solitary",""
"svastra sila","","Ground","Solitary",""
"svastra texana","","Ground","Solitary","Specialist"
"syntrichalonia exquisita","","","","Specialist"
"temnosoma smaragdinum","","","",""
"tetraloniella albata","","Ground","Solitary",""
"tetraloniella arizonica","","Ground","Solitary",""
"tetraloniella balluca","","Ground","Solitary",""
"tetraloniella cacuminis","","Ground","Solitary",""
"tetraloniella crenulaticornis","","Ground","Solitary",""
"tetraloniella cressoniana","","Ground","Solitary",""
"tetraloniella davidsoni","","Ground","Solitary",""
"tetraloniella distata","","Ground","Solitary",""
"tetraloniella donata","","Ground","Solitary",""
"tetraloniella eriocarpi","","Ground","Solitary",""
"tetraloniella fasciatella","","Ground","Solitary",""
"tetraloniella flagellicornis","","Ground","Solitary",""
"tetraloniella fulvotecta","","Ground","Solitary",""
"tetraloniella helianthorum","","Ground","Solitary",""
"tetraloniella imitatrix","","Ground","Solitary",""
"tetraloniella incana","","Ground","Solitary",""
"tetraloniella jaliscoensis","","Ground","Solitary",""
"tetraloniella lippiae","","Ground","Solitary",""
"tetraloniella michoacanensis","","Ground","Solitary",""
"tetraloniella ochraea","","Ground","Solitary",""
"tetraloniella paenalbata","","Ground","Solitary",""
"tetraloniella pennata","","Ground","Solitary",""
"tetraloniella perconcinna","","Ground","Solitary",""
"tetraloniella pomonae","","Ground","Solitary",""
"tetraloniella sphaeralceae","","Ground","Solitary",""
"tetraloniella spissa","","Ground","Solitary",""
"tetraloniella vandykei","","Ground","Solitary",""
"tetraloniella wilmattae","","Ground","Solitary",""
"townsendiella californica","","Host Nest","Parasitic",""
"townsendiella pulchra","","Host Nest","Parasitic",""
"townsendiella rufiventris","","Host Nest","Parasitic",""
"trachusa autumnalis","","Multiple","Solitary",""
"trachusa bequaerti","native","Multiple","Solitary",""
"trachusa cordaticeps","","Multiple","Solitary",""
"trachusa crassipes","native","Multiple","Solitary",""
"trachusa dorsalis","native","Multiple","Solitary",""
"trachusa fontemvitae","native","Multiple","Solitary",""
"trachusa gummifera","","Multiple","Solitary",""
"trachusa interdisciplinaris","","Multiple","Solitary",""
"trachusa larreae","native","Multiple","Solitary","Specialist"
"trachusa laticeps","","Multiple","Solitary",""
"trachusa manni","","Multiple","Solitary",""
"trachusa occidentalis","","Multiple","Solitary",""
"trachusa perdita","native","Multiple","Solitary",""
"trachusa ridingsii","native","Multiple","Solitary",""
"trachusa timberlakei","native","Multiple","Solitary",""
"trachusa zebrata","native","Multiple","Solitary","Generalist"
"triepeolus ancoratus","","Host Nest","Parasitic",""
"triepeolus antiochensis","","Host Nest","Parasitic",""
"triepeolus argentimus","","Host Nest","Parasitic",""
"triepeolus argus","","Host Nest","Parasitic",""
"triepeolus argyreus","","Host Nest","Parasitic",""
"triepeolus atripes","native","Host Nest","Parasitic",""
"triepeolus balteatus","","Host Nest","Parasitic",""
"triepeolus bihamatus","","Host Nest","Parasitic",""
"triepeolus bilineatus","","Host Nest","Parasitic",""
"triepeolus bimorulus","","Host Nest","Parasitic",""
"triepeolus blaisdelli","","Host Nest","Parasitic",""
"triepeolus brunnescens","","Host Nest","Parasitic",""
"triepeolus californicus","","Host Nest","Parasitic",""
"triepeolus callopus","","Host Nest","Parasitic",""
"triepeolus charlesi","","Host Nest","Parasitic",""
"triepeolus circumculus","","Host Nest","Parasitic",""
"triepeolus concavus","native","Host Nest","Parasitic",""
"triepeolus cressonii","native","Host Nest","Parasitic",""
"triepeolus custeri","","Host Nest","Parasitic",""
"triepeolus cyclurus","","Host Nest","Parasitic",""
"triepeolus dacotensis","","Host Nest","Parasitic",""
"triepeolus denverensis","","Host Nest","Parasitic",""
"triepeolus diffusus","","Host Nest","Parasitic",""
"triepeolus dilutus","","Host Nest","Parasitic",""
"triepeolus distinctus","native","Host Nest","Parasitic",""
"triepeolus diversipes","","Host Nest","Parasitic",""
"triepeolus donatus","native","Host Nest","Parasitic",""
"triepeolus edwardi","","Host Nest","Parasitic",""
"triepeolus eldoradensis","","Host Nest","Parasitic",""
"triepeolus engeli","","Host Nest","Parasitic",""
"triepeolus fraserae","","Host Nest","Parasitic",""
"triepeolus fulgidus","","Host Nest","Parasitic",""
"triepeolus georgicus","native","Host Nest","Parasitic",""
"triepeolus grandis","native","Host Nest","Parasitic",""
"triepeolus grindeliae","native","Host Nest","Parasitic",""
"triepeolus griswoldi","","Host Nest","Parasitic",""
"triepeolus haematurus","","Host Nest","Parasitic",""
"triepeolus helianthi","native","Host Nest","Parasitic","Generalist"
"triepeolus hopkinsi","","Host Nest","Parasitic",""
"triepeolus intrepidus","native","Host Nest","Parasitic",""
"triepeolus inyoensis","","Host Nest","Parasitic",""
"triepeolus isocomae","","Host Nest","Parasitic",""
"triepeolus isohedrus","","Host Nest","Parasitic",""
"triepeolus joliae","","Host Nest","Parasitic",""
"triepeolus junctus","","Host Nest","Parasitic",""
"triepeolus kathrynae","native","Host Nest","Parasitic",""
"triepeolus laticaudus","","Host Nest","Parasitic",""
"triepeolus laticeps","","Host Nest","Parasitic",""
"triepeolus lectiformis","","Host Nest","Parasitic",""
"triepeolus loomisorum","native","Host Nest","Parasitic",""
"triepeolus lunatus","native","Host Nest","Parasitic","Generalist"
"triepeolus lusor","","Host Nest","Parasitic",""
"triepeolus margaretae","","Host Nest","Parasitic",""
"triepeolus martini","native","Host Nest","Parasitic",""
"triepeolus mauropygus","","Host Nest","Parasitic",""
"triepeolus melanarius","","Host Nest","Parasitic",""
"triepeolus mensae","","Host Nest","Parasitic",""
"triepeolus mexicanus","native","Host Nest","Parasitic",""
"triepeolus michiganensis","native","Host Nest","Parasitic",""
"triepeolus micropygius","native","Host Nest","Parasitic",""
"triepeolus mitchelli","","Host Nest","Parasitic",""
"triepeolus mojavensis","","Host Nest","Parasitic",""
"triepeolus monardae","native","Host Nest","Parasitic",""
"triepeolus nevadensis","","Host Nest","Parasitic",""
"triepeolus nigrihirtus","native","Host Nest","Parasitic",""
"triepeolus norae","","Host Nest","Parasitic",""
"triepeolus obliteratus","native","Host Nest","Parasitic",""
"triepeolus occidentalis","","Host Nest","Parasitic",""
"triepeolus paenepectoralis","","Host Nest","Parasitic",""
"triepeolus partitus","","Host Nest","Parasitic",""
"triepeolus parvidiversipes","","Host Nest","Parasitic",""
"triepeolus parvus","","Host Nest","Parasitic",""
"triepeolus pectoralis","native","Host Nest","Parasitic","Generalist"
"triepeolus penicilliferus","","Host Nest","Parasitic",""
"triepeolus permixtus","","Host Nest","Parasitic",""
"triepeolus perpictus","","Host Nest","Parasitic",""
"triepeolus phaeopygus","","Host Nest","Parasitic",""
"triepeolus pomonalis","","Host Nest","Parasitic",""
"triepeolus punctoclypeus","","Host Nest","Parasitic",""
"triepeolus quadratus","","Host Nest","Parasitic",""
"triepeolus quadrifasciatus","native","Host Nest","Parasitic",""
"triepeolus remigatus","native","Host Nest","Parasitic",""
"triepeolus rhododontus","","Host Nest","Parasitic",""
"triepeolus robustus","","Host Nest","Parasitic",""
"triepeolus rohweri","","Host Nest","Parasitic",""
"triepeolus rufithorax","native","Host Nest","Parasitic",""
"triepeolus rufoclypeus","","Host Nest","Parasitic",""
"triepeolus rugosus","","Host Nest","Parasitic",""
"triepeolus sarothrinus","","Host Nest","Parasitic",""
"triepeolus saturninus","","Host Nest","Parasitic",""
"triepeolus scelestus","","Host Nest","Parasitic",""
"triepeolus schwarzi","","Host Nest","Parasitic",""
"triepeolus segregatus","","Host Nest","Parasitic",""
"triepeolus sequior","","Host Nest","Parasitic",""
"triepeolus simplex","native","Host Nest","Parasitic",""
"triepeolus simulatus","","Host Nest","Parasitic",""
"triepeolus subalpinus","","Host Nest","Parasitic",""
"triepeolus sublunatus","","Host Nest","Parasitic",""
"triepeolus subnitens","","Host Nest","Parasitic",""
"triepeolus tanneri","","Host Nest","Parasitic",""
"triepeolus texanus","","Host Nest","Parasitic",""
"triepeolus timberlakei","","Host Nest","Parasitic",""
"triepeolus townsendi","","Host Nest","Parasitic",""
"triepeolus utahensis","","Host Nest","Parasitic",""
"triepeolus verbesinae","native","Host Nest","Parasitic","Generalist"
"triepeolus vernus","","Host Nest","Parasitic",""
"triepeolus warriti","","Host Nest","Parasitic",""
"triopasites penniger","native","Host Nest","Parasitic",""
"xenoglossa angustior","native","Multiple","Solitary","Specialist"
"xenoglossa gabbii","","Multiple","Solitary",""
"xenoglossa kansensis","native","Multiple","Solitary","Specialist"
"xenoglossa mustelina","native","Multiple","Solitary","Specialist"
"xenoglossa patricia","native","Multiple","Solitary","Specialist"
"xenoglossa strenua","native","Multiple","Solitary","Specialist"
"xeralictus bicuspidariae","native","Ground","Solitary","Specialist"
"xeralictus timberlakei","native","Ground","Solitary","Specialist"
"xeroheriades micheneri","native","","",""
"xeromelecta californica","native","Host Nest","Parasitic",""
"xeromelecta interrupta","native","Host Nest","Parasitic",""
"xeromelecta larreae","native","Host Nest","Parasitic",""
"xeromelecta tibialis","","Host Nest","Parasitic",""
"xylocopa alticola","introduced","Wood","Solitary","Generalist"
"xylocopa appendiculata","introduced","Wood","Solitary",""
"xylocopa artifex","","Wood","Solitary","Generalist"
"xylocopa brasilianorum","","Wood","Solitary","Generalist"
"xylocopa californica","native","Wood","Solitary","Generalist"
"xylocopa euxantha","","Wood","Solitary","Generalist"
"xylocopa frontalis","","Wood","Solitary","Generalist"
"xylocopa guatemalensis","","Wood","Solitary","Generalist"
"xylocopa loripes","","Wood","Solitary","Generalist"
"xylocopa mexicanorum","","Wood","Solitary","Generalist"
"xylocopa micans","native","Wood","Solitary","Generalist"
"xylocopa micheneri","native","Wood","Solitary","Generalist"
"xylocopa mordax","","Wood","Solitary","Generalist"
"xylocopa senior","","Wood","Solitary","Generalist"
"xylocopa sphinx","","Wood","Solitary","Generalist"
"xylocopa splendidula","","Wood","Solitary","Generalist"
"xylocopa strandi","","Wood","Solitary",""
"xylocopa tabaniformis","native","Wood","Solitary","Generalist"
"xylocopa varipuncta","native","Wood","Solitary","Generalist"
"xylocopa virginica","native","Wood","Solitary","Generalist"
"zacosmia maculata","native","Host Nest","Parasitic",""
"zikanapis clypeata","","","",""
"zikanapis elegans","","","",""
