"canonical_name","family",inat_taxon_id,endemic,source
"Abronia latifolia","Nyctaginaceae",52618,N,burke-wa-flora
"Abronia mellifera","Nyctaginaceae",157827,N,burke-wa-flora
"Abronia umbellata","Nyctaginaceae",53801,N,burke-wa-flora
"Acer circinatum","Sapindaceae",48258,N,burke-wa-flora
"Acer glabrum","Sapindaceae",63078,N,burke-wa-flora
"Acer macrophyllum","Sapindaceae",48227,N,burke-wa-flora
"Achillea millefolium","Asteraceae",1105043,N,burke-wa-flora
"Achlys californica","Berberidaceae",75262,N,burke-wa-flora
"Achlys triphylla","Berberidaceae",75263,N,burke-wa-flora
"Acmispon americanus","Fabaceae",57049,N,burke-wa-flora
"Acmispon denticulatus","Fabaceae",60194,N,burke-wa-flora
"Acmispon parviflorus","Fabaceae",57048,N,burke-wa-flora
"Aconitum columbianum","Ranunculaceae",60522,N,burke-wa-flora
"Acorus americanus","Acoraceae",157984,N,burke-wa-flora
"Actaea elata","Ranunculaceae",158002,N,burke-wa-flora
"Actaea laciniata","Ranunculaceae",158003,N,burke-wa-flora
"Actaea rubra","Ranunculaceae",49870,N,burke-wa-flora
"Adelinia grandis","Boraginaceae",1520640,N,burke-wa-flora
"Adenocaulon bicolor","Asteraceae",56854,N,burke-wa-flora
"Agastache occidentalis","Lamiaceae",158079,N,burke-wa-flora
"Agastache urticifolia","Lamiaceae",63316,N,burke-wa-flora
"Ageratina occidentalis","Asteraceae",75300,N,burke-wa-flora
"Agoseris apargioides","Asteraceae",58801,N,burke-wa-flora
"Agoseris aurantiaca","Asteraceae",75302,N,burke-wa-flora
"Agoseris elata","Asteraceae",158119,N,burke-wa-flora
"Agoseris glauca","Asteraceae",75303,N,burke-wa-flora
"Agoseris grandiflora","Asteraceae",52828,N,burke-wa-flora
"Agoseris heterophylla","Asteraceae",56856,N,burke-wa-flora
"Agoseris monticola","Asteraceae",75304,N,burke-wa-flora
"Agoseris retrorsa","Asteraceae",57908,N,burke-wa-flora
"Agrimonia gryposepala","Rosaceae",75307,N,burke-wa-flora
"Agrostis densiflora","Poaceae",61059,N,burke-wa-flora
"Agrostis exarata","Poaceae",59088,N,burke-wa-flora
"Agrostis idahoensis","Poaceae",75317,N,burke-wa-flora
"Agrostis mertensii","Poaceae",158138,N,burke-wa-flora
"Agrostis microphylla","Poaceae",60277,N,burke-wa-flora
"Agrostis oregonensis","Poaceae",75318,N,burke-wa-flora
"Agrostis pallens","Poaceae",52692,N,burke-wa-flora
"Agrostis scabra","Poaceae",75319,N,burke-wa-flora
"Agrostis variabilis","Poaceae",75320,N,burke-wa-flora
"Alchemilla occidentalis","Rosaceae",1452907,N,burke-wa-flora
"Aliciella leptomeria","Polemoniaceae",75327,N,burke-wa-flora
"Aliciella lottiae","Polemoniaceae",75328,N,burke-wa-flora
"Alisma gramineum","Alismataceae",75333,N,burke-wa-flora
"Alisma triviale","Alismataceae",61167,N,burke-wa-flora
"Allium acuminatum","Amaryllidaceae",59782,N,burke-wa-flora
"Allium amplectens","Amaryllidaceae",60267,N,burke-wa-flora
"Allium campanulatum","Amaryllidaceae",75340,N,burke-wa-flora
"Allium cernuum","Amaryllidaceae",116364,N,burke-wa-flora
"Allium columbianum","Amaryllidaceae",158170,N,burke-wa-flora
"Allium constrictum","Amaryllidaceae",158171,Y,burke-wa-flora
"Allium crenulatum","Amaryllidaceae",62580,N,burke-wa-flora
"Allium dictuon","Amaryllidaceae",158174,Y,burke-wa-flora
"Allium douglasii","Amaryllidaceae",158175,N,burke-wa-flora
"Allium fibrillum","Amaryllidaceae",158177,N,burke-wa-flora
"Allium geyeri","Amaryllidaceae",148938,N,burke-wa-flora
"Allium macrum","Amaryllidaceae",158181,N,burke-wa-flora
"Allium nevii","Amaryllidaceae",158183,N,burke-wa-flora
"Allium robinsonii","Amaryllidaceae",158191,N,burke-wa-flora
"Allium schoenoprasum","Amaryllidaceae",59254,N,burke-wa-flora
"Allium scilloides","Amaryllidaceae",158193,Y,burke-wa-flora
"Allium textile","Amaryllidaceae",148940,N,burke-wa-flora
"Allium tolmiei","Amaryllidaceae",75367,N,burke-wa-flora
"Allotropa virgata","Ericaceae",62481,N,burke-wa-flora
"Alnus incana","Betulaceae",75377,N,burke-wa-flora
"Alnus rhombifolia","Betulaceae",53351,N,burke-wa-flora
"Alnus rubra","Betulaceae",56034,N,burke-wa-flora
"Alopecurus aequalis","Poaceae",75381,N,burke-wa-flora
"Alopecurus geniculatus","Poaceae",71140,N,burke-wa-flora
"Alopecurus saccatus","Poaceae",58364,N,burke-wa-flora
"Amaranthus californicus","Amaranthaceae",58775,N,burke-wa-flora
"Ambrosia acanthicarpa","Asteraceae",57909,N,burke-wa-flora
"Ambrosia chamissonis","Asteraceae",71135,N,burke-wa-flora
"Ambrosia psilostachya","Asteraceae",60129,N,burke-wa-flora
"Ambrosia trifida","Asteraceae",53034,N,burke-wa-flora
"Amelanchier alnifolia","Rosaceae",75415,N,burke-wa-flora
"Amelanchier utahensis","Rosaceae",61099,N,burke-wa-flora
"Ammannia robusta","Lythraceae",75416,N,burke-wa-flora
"Amphiscirpus nevadensis","Cyperaceae",75421,N,burke-wa-flora
"Amsinckia lycopsoides","Boraginaceae",58048,N,burke-wa-flora
"Amsinckia menziesii","Boraginaceae",55436,N,burke-wa-flora
"Amsinckia spectabilis","Boraginaceae",71045,N,burke-wa-flora
"Amsinckia tessellata","Boraginaceae",58050,N,burke-wa-flora
"Anaphalis margaritacea","Asteraceae",52833,N,burke-wa-flora
"Andromeda polifolia","Ericaceae",119892,N,burke-wa-flora
"Androsace filiformis","Primulaceae",75434,N,burke-wa-flora
"Androsace laevigata","Primulaceae",1414073,N,burke-wa-flora
"Androsace nivalis","Primulaceae",1414075,Y,burke-wa-flora
"Androsace septentrionalis","Primulaceae",1414058,N,burke-wa-flora
"Anemone drummondii","Ranunculaceae",75440,N,burke-wa-flora
"Anemone multifida","Ranunculaceae",75442,N,burke-wa-flora
"Anemone parviflora","Ranunculaceae",158365,N,burke-wa-flora
"Angelica arguta","Apiaceae",75446,N,burke-wa-flora
"Angelica canbyi","Apiaceae",158372,N,burke-wa-flora
"Angelica genuflexa","Apiaceae",75450,N,burke-wa-flora
"Angelica hendersonii","Apiaceae",64289,N,burke-wa-flora
"Angelica lucida","Apiaceae",75453,N,burke-wa-flora
"Anisocarpus madioides","Asteraceae",53137,N,burke-wa-flora
"Antennaria alpina","Asteraceae",154163,N,burke-wa-flora
"Antennaria anaphaloides","Asteraceae",158406,N,burke-wa-flora
"Antennaria corymbosa","Asteraceae",75459,N,burke-wa-flora
"Antennaria dimorpha","Asteraceae",75460,N,burke-wa-flora
"Antennaria flagellaris","Asteraceae",75461,N,burke-wa-flora
"Antennaria geyeri","Asteraceae",75462,N,burke-wa-flora
"Antennaria howellii","Asteraceae",75463,N,burke-wa-flora
"Antennaria lanata","Asteraceae",143679,N,burke-wa-flora
"Antennaria luzuloides","Asteraceae",75464,N,burke-wa-flora
"Antennaria media","Asteraceae",75466,N,burke-wa-flora
"Antennaria microphylla","Asteraceae",75467,N,burke-wa-flora
"Antennaria monocephala","Asteraceae",158412,N,burke-wa-flora
"Antennaria parvifolia","Asteraceae",158414,N,burke-wa-flora
"Antennaria pulcherrima","Asteraceae",158415,N,burke-wa-flora
"Antennaria racemosa","Asteraceae",75469,N,burke-wa-flora
"Antennaria stenophylla","Asteraceae",158418,N,burke-wa-flora
"Antennaria umbrinella","Asteraceae",75471,N,burke-wa-flora
"Anthoxanthum hirtum","Poaceae",204239,N,burke-wa-flora
"Anthoxanthum occidentale","Poaceae",75474,N,burke-wa-flora
"Anticlea elegans","Melanthiaceae",118830,N,burke-wa-flora
"Anticlea occidentalis","Melanthiaceae",425083,N,burke-wa-flora
"Aphyllon californicum","Orobanchaceae",802458,N,burke-wa-flora
"Aphyllon corymbosum","Orobanchaceae",802501,N,burke-wa-flora
"Aphyllon fasciculatum","Orobanchaceae",802543,N,burke-wa-flora
"Aphyllon franciscanum","Orobanchaceae",1303043,N,burke-wa-flora
"Aphyllon ludovicianum","Orobanchaceae",279015,N,burke-wa-flora
"Aphyllon pinorum","Orobanchaceae",802557,N,burke-wa-flora
"Aphyllon purpureum","Orobanchaceae",739040,N,burke-wa-flora
"Apocynum androsaemifolium","Apocynaceae",47359,N,burke-wa-flora
"Apocynum cannabinum","Apocynaceae",58795,N,burke-wa-flora
"Aquilegia flavescens","Ranunculaceae",158463,N,burke-wa-flora
"Aquilegia formosa","Ranunculaceae",48244,N,burke-wa-flora
"Arabis crucisetosa","Brassicaceae",158484,N,burke-wa-flora
"Arabis eschscholtziana","Brassicaceae",75494,N,burke-wa-flora
"Arabis furcata","Brassicaceae",143680,N,burke-wa-flora
"Arabis nuttallii","Brassicaceae",158517,N,burke-wa-flora
"Arabis olympica","Brassicaceae",359577,Y,burke-wa-flora
"Aralia nudicaulis","Araliaceae",119828,N,burke-wa-flora
"Arbutus menziesii","Ericaceae",51046,N,burke-wa-flora
"Arceuthobium abietinum","Santalaceae",158553,N,burke-wa-flora
"Arceuthobium americanum","Santalaceae",48935,N,burke-wa-flora
"Arceuthobium campylopodum","Santalaceae",55422,N,burke-wa-flora
"Arceuthobium douglasii","Santalaceae",75500,N,burke-wa-flora
"Arceuthobium laricis","Santalaceae",158560,N,burke-wa-flora
"Arceuthobium tsugense","Santalaceae",158563,N,burke-wa-flora
"Arcteranthis cooleyae","Ranunculaceae",1567760,N,burke-wa-flora
"Arctostaphylos columbiana","Ericaceae",75505,N,burke-wa-flora
"Arctostaphylos nevadensis","Ericaceae",75527,N,burke-wa-flora
"Arctostaphylos patula","Ericaceae",75537,N,burke-wa-flora
"Arctostaphylos uva-ursi","Ericaceae",68049,N,burke-wa-flora
"Arenaria paludicola","Caryophyllaceae",75552,N,burke-wa-flora
"Aristida purpurea","Poaceae",75563,N,burke-wa-flora
"Armeria maritima","Plumbaginaceae",60476,N,burke-wa-flora
"Arnica chamissonis","Asteraceae",75568,N,burke-wa-flora
"Arnica cordifolia","Asteraceae",75569,N,burke-wa-flora
"Arnica discoidea","Asteraceae",52851,N,burke-wa-flora
"Arnica fulgens","Asteraceae",75571,N,burke-wa-flora
"Arnica gracilis","Asteraceae",158686,N,burke-wa-flora
"Arnica lanceolata","Asteraceae",75572,N,burke-wa-flora
"Arnica latifolia","Asteraceae",75573,N,burke-wa-flora
"Arnica longifolia","Asteraceae",75574,N,burke-wa-flora
"Arnica mollis","Asteraceae",75575,N,burke-wa-flora
"Arnica nevadensis","Asteraceae",75576,N,burke-wa-flora
"Arnica ovata","Asteraceae",75577,N,burke-wa-flora
"Arnica parryi","Asteraceae",75578,N,burke-wa-flora
"Arnica rydbergii","Asteraceae",153042,N,burke-wa-flora
"Arnica sororia","Asteraceae",75579,N,burke-wa-flora
"Artemisia arbuscula","Asteraceae",75585,N,burke-wa-flora
"Artemisia biennis","Asteraceae",58798,N,burke-wa-flora
"Artemisia campestris","Asteraceae",127960,N,burke-wa-flora
"Artemisia cana","Asteraceae",75588,N,burke-wa-flora
"Artemisia douglasiana","Asteraceae",52854,N,burke-wa-flora
"Artemisia dracunculus","Asteraceae",57912,N,burke-wa-flora
"Artemisia frigida","Asteraceae",146898,N,burke-wa-flora
"Artemisia furcata","Asteraceae",158703,N,burke-wa-flora
"Artemisia ludoviciana","Asteraceae",71127,N,burke-wa-flora
"Artemisia michauxiana","Asteraceae",75589,N,burke-wa-flora
"Artemisia norvegica","Asteraceae",75591,N,burke-wa-flora
"Artemisia rigida","Asteraceae",158719,N,burke-wa-flora
"Artemisia spiciformis","Asteraceae",75595,N,burke-wa-flora
"Artemisia suksdorfii","Asteraceae",75597,N,burke-wa-flora
"Artemisia tilesii","Asteraceae",158725,N,burke-wa-flora
"Artemisia tridentata","Asteraceae",75598,N,burke-wa-flora
"Artemisia tripartita","Asteraceae",158726,N,burke-wa-flora
"Aruncus dioicus","Rosaceae",75600,N,burke-wa-flora
"Asarum caudatum","Aristolochiaceae",52858,N,burke-wa-flora
"Asclepias cryptoceras","Apocynaceae",62297,N,burke-wa-flora
"Asclepias fascicularis","Apocynaceae",56851,N,burke-wa-flora
"Asclepias speciosa","Apocynaceae",62292,N,burke-wa-flora
"Askellia pygmaea","Asteraceae",738531,N,burke-wa-flora
"Astragalus agrestis","Fabaceae",75615,N,burke-wa-flora
"Astragalus alpinus","Fabaceae",130478,N,burke-wa-flora
"Astragalus arrectus","Fabaceae",158834,N,burke-wa-flora
"Astragalus arthurii","Fabaceae",158835,N,burke-wa-flora
"Astragalus asotinensis","Fabaceae",158836,N,burke-wa-flora
"Astragalus australis","Fabaceae",158837,Y,burke-wa-flora
"Astragalus beckwithii","Fabaceae",158841,N,burke-wa-flora
"Astragalus canadensis","Fabaceae",75631,N,burke-wa-flora
"Astragalus caricinus","Fabaceae",158850,N,burke-wa-flora
"Astragalus collinus","Fabaceae",158861,N,burke-wa-flora
"Astragalus columbianus","Fabaceae",158862,Y,burke-wa-flora
"Astragalus conjunctus","Fabaceae",158864,N,burke-wa-flora
"Astragalus cusickii","Fabaceae",158871,N,burke-wa-flora
"Astragalus diaphanus","Fabaceae",158879,N,burke-wa-flora
"Astragalus filipes","Fabaceae",75643,N,burke-wa-flora
"Astragalus geyeri","Fabaceae",75645,N,burke-wa-flora
"Astragalus hoodianus","Fabaceae",158909,N,burke-wa-flora
"Astragalus howellii","Fabaceae",158910,N,burke-wa-flora
"Astragalus inflexus","Fabaceae",158915,N,burke-wa-flora
"Astragalus kentrophyta","Fabaceae",59609,Y,burke-wa-flora
"Astragalus laxmannii","Fabaceae",494579,N,burke-wa-flora
"Astragalus leibergii","Fabaceae",158922,Y,burke-wa-flora
"Astragalus lentiginosus","Fabaceae",59501,N,burke-wa-flora
"Astragalus lyallii","Fabaceae",158932,Y,burke-wa-flora
"Astragalus microcystis","Fabaceae",158937,N,burke-wa-flora
"Astragalus misellus","Fabaceae",158939,Y,burke-wa-flora
"Astragalus miser","Fabaceae",139642,N,burke-wa-flora
"Astragalus pulsiferae","Fabaceae",75678,N,burke-wa-flora
"Astragalus purshii","Fabaceae",59613,N,burke-wa-flora
"Astragalus reventiformis","Fabaceae",158984,N,burke-wa-flora
"Astragalus reventus","Fabaceae",158985,N,burke-wa-flora
"Astragalus riparius","Fabaceae",158986,N,burke-wa-flora
"Astragalus robbinsii","Fabaceae",158988,N,burke-wa-flora
"Astragalus sclerocarpus","Fabaceae",158994,N,burke-wa-flora
"Astragalus sheldonii","Fabaceae",158999,N,burke-wa-flora
"Astragalus sinuatus","Fabaceae",139558,Y,burke-wa-flora
"Astragalus spaldingii","Fabaceae",159006,N,burke-wa-flora
"Astragalus speirocarpus","Fabaceae",159008,Y,burke-wa-flora
"Astragalus succumbens","Fabaceae",159012,N,burke-wa-flora
"Astragalus tenellus","Fabaceae",1554575,N,burke-wa-flora
"Astragalus tweedyi","Fabaceae",159027,N,burke-wa-flora
"Astragalus whitneyi","Fabaceae",75691,N,burke-wa-flora
"Athysanus pusillus","Brassicaceae",58069,N,burke-wa-flora
"Atriplex argentea","Amaranthaceae",58111,N,burke-wa-flora
"Atriplex canescens","Amaranthaceae",58113,N,burke-wa-flora
"Atriplex dioica","Amaranthaceae",75701,N,burke-wa-flora
"Atriplex gardneri","Amaranthaceae",75703,N,burke-wa-flora
"Atriplex gmelinii","Amaranthaceae",75705,N,burke-wa-flora
"Atriplex truncata","Amaranthaceae",75718,N,burke-wa-flora
"Baccharis pilularis","Asteraceae",53359,N,burke-wa-flora
"Balsamorhiza careyana","Asteraceae",62273,N,burke-wa-flora
"Balsamorhiza deltoidea","Asteraceae",70383,N,burke-wa-flora
"Balsamorhiza hookeri","Asteraceae",75742,N,burke-wa-flora
"Balsamorhiza incana","Asteraceae",159139,N,burke-wa-flora
"Balsamorhiza rosea","Asteraceae",159141,N,burke-wa-flora
"Balsamorhiza sagittata","Asteraceae",62266,N,burke-wa-flora
"Balsamorhiza serrata","Asteraceae",75745,N,burke-wa-flora
"Barbarea orthoceras","Brassicaceae",52976,N,burke-wa-flora
"Beckmannia syzigachne","Poaceae",75747,N,burke-wa-flora
"Berberis aquifolium","Berberidaceae",126887,N,burke-wa-flora
"Berberis nervosa","Berberidaceae",75756,N,burke-wa-flora
"Berberis repens","Berberidaceae",133104,N,burke-wa-flora
"Bergia texana","Elatinaceae",75760,N,burke-wa-flora
"Betula glandulosa","Betulaceae",75763,N,burke-wa-flora
"Betula occidentalis","Betulaceae",75764,N,burke-wa-flora
"Betula papyrifera","Betulaceae",49883,N,burke-wa-flora
"Betula pumila","Betulaceae",159231,N,burke-wa-flora
"Bidens amplissima","Asteraceae",159233,N,burke-wa-flora
"Bidens beckii","Asteraceae",204252,N,burke-wa-flora
"Bidens cernua","Asteraceae",75765,N,burke-wa-flora
"Bidens frondosa","Asteraceae",51712,N,burke-wa-flora
"Bistorta bistortoides","Polygonaceae",75770,N,burke-wa-flora
"Bistorta vivipara","Polygonaceae",130545,N,burke-wa-flora
"Blepharipappus scaber","Asteraceae",75773,N,burke-wa-flora
"Blitum capitatum","Amaranthaceae",895061,N,burke-wa-flora
"Blitum nuttallianum","Amaranthaceae",877971,N,burke-wa-flora
"Boechera atrorubens","Brassicaceae",359611,N,burke-wa-flora
"Boechera calderi","Brassicaceae",75780,N,burke-wa-flora
"Boechera cascadensis","Brassicaceae",359612,N,burke-wa-flora
"Boechera cusickii","Brassicaceae",359615,N,burke-wa-flora
"Boechera divaricarpa","Brassicaceae",75788,N,burke-wa-flora
"Boechera grahamii","Brassicaceae",204255,N,burke-wa-flora
"Boechera lemmonii","Brassicaceae",75797,N,burke-wa-flora
"Boechera lyallii","Brassicaceae",75799,N,burke-wa-flora
"Boechera microphylla","Brassicaceae",181911,N,burke-wa-flora
"Boechera paddoensis","Brassicaceae",359634,N,burke-wa-flora
"Boechera pauciflora","Brassicaceae",75801,N,burke-wa-flora
"Boechera paupercula","Brassicaceae",75802,N,burke-wa-flora
"Boechera pendulocarpa","Brassicaceae",75805,N,burke-wa-flora
"Boechera polyantha","Brassicaceae",359639,N,burke-wa-flora
"Boechera puberula","Brassicaceae",75811,N,burke-wa-flora
"Boechera retrofracta","Brassicaceae",75816,N,burke-wa-flora
"Boechera sparsiflora","Brassicaceae",75823,N,burke-wa-flora
"Boechera stricta","Brassicaceae",75824,N,burke-wa-flora
"Boechera suffrutescens","Brassicaceae",75826,N,burke-wa-flora
"Bolandra oregana","Saxifragaceae",159303,N,burke-wa-flora
"Bolboschoenus fluviatilis","Cyperaceae",64228,N,burke-wa-flora
"Bolboschoenus maritimus","Cyperaceae",58345,N,burke-wa-flora
"Boykinia intermedia","Saxifragaceae",128866,N,burke-wa-flora
"Boykinia occidentalis","Saxifragaceae",68213,N,burke-wa-flora
"Brasenia schreberi","Cabombaceae",75867,N,burke-wa-flora
"Brewerimitella breweri","Saxifragaceae",1424142,N,burke-wa-flora
"Brewerimitella ovalis","Saxifragaceae",1424143,N,burke-wa-flora
"Brickellia grandiflora","Asteraceae",75874,N,burke-wa-flora
"Brickellia microphylla","Asteraceae",75879,N,burke-wa-flora
"Brickellia oblongifolia","Asteraceae",75880,N,burke-wa-flora
"Brodiaea coronaria","Asparagaceae",57126,N,burke-wa-flora
"Brodiaea rosea","Asparagaceae",1426019,N,burke-wa-flora
"Bromus ciliatus","Poaceae",75899,N,burke-wa-flora
"Bromus orcuttianus","Poaceae",75905,N,burke-wa-flora
"Bromus pacificus","Poaceae",159470,N,burke-wa-flora
"Bromus pumpellianus","Poaceae",949599,N,burke-wa-flora
"Bromus sitchensis","Poaceae",1610830,N,burke-wa-flora
"Bromus suksdorfii","Poaceae",75914,N,burke-wa-flora
"Bromus vulgaris","Poaceae",75915,N,burke-wa-flora
"Cacaliopsis nardosmia","Asteraceae",75922,N,burke-wa-flora
"Calamagrostis canadensis","Poaceae",75925,N,burke-wa-flora
"Calamagrostis howellii","Poaceae",159636,N,burke-wa-flora
"Calamagrostis nutkaensis","Poaceae",61063,N,burke-wa-flora
"Calamagrostis purpurascens","Poaceae",75929,N,burke-wa-flora
"Calamagrostis rubescens","Poaceae",52712,N,burke-wa-flora
"Calamagrostis stricta","Poaceae",75930,N,burke-wa-flora
"Calamagrostis tacomensis","Poaceae",935772,Y,burke-wa-flora
"Calandrinia menziesii","Montiaceae",400267,N,burke-wa-flora
"Callitriche brutia","Plantaginaceae",335047,N,burke-wa-flora
"Callitriche hermaphroditica","Plantaginaceae",159685,N,burke-wa-flora
"Callitriche heterophylla","Plantaginaceae",75935,N,burke-wa-flora
"Callitriche marginata","Plantaginaceae",58093,N,burke-wa-flora
"Callitriche palustris","Plantaginaceae",1642302,N,burke-wa-flora
"Calochortus apiculatus","Liliaceae",64407,N,burke-wa-flora
"Calochortus elegans","Liliaceae",64424,N,burke-wa-flora
"Calochortus eurycarpus","Liliaceae",51055,N,burke-wa-flora
"Calochortus longebarbatus","Liliaceae",64438,N,burke-wa-flora
"Calochortus lyallii","Liliaceae",62581,N,burke-wa-flora
"Calochortus macrocarpus","Liliaceae",63311,N,burke-wa-flora
"Calochortus nitidus","Liliaceae",159695,N,burke-wa-flora
"Calochortus subalpinus","Liliaceae",159696,N,burke-wa-flora
"Calochortus tolmiei","Liliaceae",50840,N,burke-wa-flora
"Caltha biflora","Ranunculaceae",361461,N,burke-wa-flora
"Caltha leptosepala","Ranunculaceae",1557142,N,burke-wa-flora
"Caltha palustris","Ranunculaceae",56224,N,burke-wa-flora
"Calypso bulbosa","Orchidaceae",47215,N,burke-wa-flora
"Calyptridium roseum","Montiaceae",75963,N,burke-wa-flora
"Calyptridium umbellatum","Montiaceae",127100,N,burke-wa-flora
"Calystegia atriplicifolia","Convolvulaceae",75964,N,burke-wa-flora
"Calystegia sepium","Convolvulaceae",57481,N,burke-wa-flora
"Calystegia soldanella","Convolvulaceae",60880,N,burke-wa-flora
"Camassia cusickii","Asparagaceae",159729,N,burke-wa-flora
"Camassia leichtlinii","Asparagaceae",62218,N,burke-wa-flora
"Camassia quamash","Asparagaceae",62220,Y,burke-wa-flora
"Camissonia contorta","Onagraceae",58216,N,burke-wa-flora
"Camissonia parvula","Onagraceae",58441,N,burke-wa-flora
"Camissonia pusilla","Onagraceae",58442,N,burke-wa-flora
"Campanula lasiocarpa","Campanulaceae",142791,N,burke-wa-flora
"Campanula parryi","Campanulaceae",159762,N,burke-wa-flora
"Campanula piperi","Campanulaceae",159765,Y,burke-wa-flora
"Campanula rotundifolia","Campanulaceae",62312,N,burke-wa-flora
"Campanula scabrella","Campanulaceae",75990,N,burke-wa-flora
"Campanula scouleri","Campanulaceae",75991,N,burke-wa-flora
"Canadanthus modestus","Asteraceae",159806,N,burke-wa-flora
"Cardamine angulata","Brassicaceae",75998,N,burke-wa-flora
"Cardamine bellidifolia","Brassicaceae",75999,N,burke-wa-flora
"Cardamine breweri","Brassicaceae",76000,N,burke-wa-flora
"Cardamine cordifolia","Brassicaceae",76001,N,burke-wa-flora
"Cardamine nuttallii","Brassicaceae",76002,N,burke-wa-flora
"Cardamine occidentalis","Brassicaceae",76003,N,burke-wa-flora
"Cardamine oligosperma","Brassicaceae",52981,N,burke-wa-flora
"Cardamine pensylvanica","Brassicaceae",76005,N,burke-wa-flora
"Cardamine umbellata","Brassicaceae",359566,N,burke-wa-flora
"Carex abrupta","Cyperaceae",76008,N,burke-wa-flora
"Carex alascana","Cyperaceae",1459725,N,burke-wa-flora
"Carex albonigra","Cyperaceae",76009,N,burke-wa-flora
"Carex amplifolia","Cyperaceae",76011,N,burke-wa-flora
"Carex angustata","Cyperaceae",76012,N,burke-wa-flora
"Carex anthoxanthea","Cyperaceae",159871,N,burke-wa-flora
"Carex aperta","Cyperaceae",159872,N,burke-wa-flora
"Carex aquatilis","Cyperaceae",76013,N,burke-wa-flora
"Carex arcta","Cyperaceae",76014,N,burke-wa-flora
"Carex atherodes","Cyperaceae",76015,N,burke-wa-flora
"Carex athrostachya","Cyperaceae",76016,N,burke-wa-flora
"Carex atrosquama","Cyperaceae",159881,N,burke-wa-flora
"Carex aurea","Cyperaceae",76017,N,burke-wa-flora
"Carex bebbii","Cyperaceae",116348,N,burke-wa-flora
"Carex bolanderi","Cyperaceae",76018,N,burke-wa-flora
"Carex brevior","Cyperaceae",159896,N,burke-wa-flora
"Carex breweri","Cyperaceae",76020,N,burke-wa-flora
"Carex brunnescens","Cyperaceae",152951,N,burke-wa-flora
"Carex buxbaumii","Cyperaceae",76021,N,burke-wa-flora
"Carex californica","Cyperaceae",76022,N,burke-wa-flora
"Carex canescens","Cyperaceae",76023,N,burke-wa-flora
"Carex capillaris","Cyperaceae",159903,N,burke-wa-flora
"Carex capitata","Cyperaceae",1459645,N,burke-wa-flora
"Carex chordorrhiza","Cyperaceae",159911,N,burke-wa-flora
"Carex circinata","Cyperaceae",159912,N,burke-wa-flora
"Carex comosa","Cyperaceae",76025,N,burke-wa-flora
"Carex concinnoides","Cyperaceae",76026,N,burke-wa-flora
"Carex cordillerana","Cyperaceae",159918,N,burke-wa-flora
"Carex crawei","Cyperaceae",159920,N,burke-wa-flora
"Carex crawfordii","Cyperaceae",159921,N,burke-wa-flora
"Carex cusickii","Cyperaceae",76028,N,burke-wa-flora
"Carex davyi","Cyperaceae",76029,N,burke-wa-flora
"Carex deflexa","Cyperaceae",76030,N,burke-wa-flora
"Carex densa","Cyperaceae",61177,N,burke-wa-flora
"Carex deweyana","Cyperaceae",143684,N,burke-wa-flora
"Carex diandra","Cyperaceae",1459745,N,burke-wa-flora
"Carex disperma","Cyperaceae",76032,N,burke-wa-flora
"Carex douglasii","Cyperaceae",1459720,N,burke-wa-flora
"Carex eburnea","Cyperaceae",116342,N,burke-wa-flora
"Carex echinata","Cyperaceae",76035,N,burke-wa-flora
"Carex engelmannii","Cyperaceae",159946,N,burke-wa-flora
"Carex exsiccata","Cyperaceae",76036,N,burke-wa-flora
"Carex feta","Cyperaceae",76037,N,burke-wa-flora
"Carex filifolia","Cyperaceae",76038,N,burke-wa-flora
"Carex flava","Cyperaceae",1264456,N,burke-wa-flora
"Carex fracta","Cyperaceae",76040,N,burke-wa-flora
"Carex geyeri","Cyperaceae",76041,N,burke-wa-flora
"Carex halliana","Cyperaceae",76044,N,burke-wa-flora
"Carex hassei","Cyperaceae",76045,N,burke-wa-flora
"Carex haydeniana","Cyperaceae",76046,N,burke-wa-flora
"Carex hendersonii","Cyperaceae",76048,N,burke-wa-flora
"Carex heteroneura","Cyperaceae",76049,N,burke-wa-flora
"Carex hoodii","Cyperaceae",76051,N,burke-wa-flora
"Carex hystericina","Cyperaceae",60750,N,burke-wa-flora
"Carex illota","Cyperaceae",76053,N,burke-wa-flora
"Carex infirminervia","Cyperaceae",76055,N,burke-wa-flora
"Carex inops","Cyperaceae",76056,N,burke-wa-flora
"Carex integra","Cyperaceae",76057,N,burke-wa-flora
"Carex interior","Cyperaceae",76058,N,burke-wa-flora
"Carex interrupta","Cyperaceae",159984,N,burke-wa-flora
"Carex jonesii","Cyperaceae",76060,N,burke-wa-flora
"Carex kelloggii","Cyperaceae",290553,N,burke-wa-flora
"Carex lacustris","Cyperaceae",82309,N,burke-wa-flora
"Carex laeviculmis","Cyperaceae",76062,N,burke-wa-flora
"Carex lasiocarpa","Cyperaceae",76063,N,burke-wa-flora
"Carex leporina","Cyperaceae",76067,N,burke-wa-flora
"Carex leporinella","Cyperaceae",76068,N,burke-wa-flora
"Carex leptalea","Cyperaceae",1459656,N,burke-wa-flora
"Carex leptopoda","Cyperaceae",76070,N,burke-wa-flora
"Carex limosa","Cyperaceae",76071,N,burke-wa-flora
"Carex livida","Cyperaceae",76072,N,burke-wa-flora
"Carex luzulina","Cyperaceae",1460853,N,burke-wa-flora
"Carex lyngbyei","Cyperaceae",76076,N,burke-wa-flora
"Carex macloviana","Cyperaceae",160005,N,burke-wa-flora
"Carex macrocephala","Cyperaceae",160006,N,burke-wa-flora
"Carex macrochaeta","Cyperaceae",160007,N,burke-wa-flora
"Carex magellanica","Cyperaceae",143532,N,burke-wa-flora
"Carex media","Cyperaceae",204270,N,burke-wa-flora
"Carex mertensii","Cyperaceae",76078,N,burke-wa-flora
"Carex micropoda","Cyperaceae",520225,N,burke-wa-flora
"Carex microptera","Cyperaceae",76079,N,burke-wa-flora
"Carex myosuroides","Cyperaceae",924157,N,burke-wa-flora
"Carex nardina","Cyperaceae",160034,N,burke-wa-flora
"Carex nebrascensis","Cyperaceae",1460657,N,burke-wa-flora
"Carex neurophora","Cyperaceae",76083,N,burke-wa-flora
"Carex nigricans","Cyperaceae",76084,N,burke-wa-flora
"Carex nudata","Cyperaceae",76085,N,burke-wa-flora
"Carex obnupta","Cyperaceae",61000,N,burke-wa-flora
"Carex obtusata","Cyperaceae",160042,N,burke-wa-flora
"Carex oederi","Cyperaceae",1409518,N,burke-wa-flora
"Carex pachycarpa","Cyperaceae",1373940,N,burke-wa-flora
"Carex pachystachya","Cyperaceae",76089,N,burke-wa-flora
"Carex pansa","Cyperaceae",76090,N,burke-wa-flora
"Carex parryana","Cyperaceae",141176,N,burke-wa-flora
"Carex pauciflora","Cyperaceae",1459638,N,burke-wa-flora
"Carex pellita","Cyperaceae",76091,N,burke-wa-flora
"Carex petasata","Cyperaceae",76092,N,burke-wa-flora
"Carex phaeocephala","Cyperaceae",76093,N,burke-wa-flora
"Carex pluriflora","Cyperaceae",160070,N,burke-wa-flora
"Carex praeceptorum","Cyperaceae",76094,N,burke-wa-flora
"Carex praegracilis","Cyperaceae",60255,N,burke-wa-flora
"Carex praticola","Cyperaceae",76095,N,burke-wa-flora
"Carex preslii","Cyperaceae",76096,N,burke-wa-flora
"Carex proposita","Cyperaceae",76097,N,burke-wa-flora
"Carex raynoldsii","Cyperaceae",76098,N,burke-wa-flora
"Carex retrorsa","Cyperaceae",152962,N,burke-wa-flora
"Carex rossii","Cyperaceae",76099,N,burke-wa-flora
"Carex rostrata","Cyperaceae",152956,N,burke-wa-flora
"Carex saxatilis","Cyperaceae",160096,N,burke-wa-flora
"Carex scirpoidea","Cyperaceae",76103,N,burke-wa-flora
"Carex scoparia","Cyperaceae",76104,N,burke-wa-flora
"Carex scopulorum","Cyperaceae",76105,N,burke-wa-flora
"Carex sheldonii","Cyperaceae",76108,N,burke-wa-flora
"Carex siccata","Cyperaceae",160104,N,burke-wa-flora
"Carex simulata","Cyperaceae",76109,N,burke-wa-flora
"Carex spectabilis","Cyperaceae",76111,N,burke-wa-flora
"Carex stenoptila","Cyperaceae",160109,N,burke-wa-flora
"Carex stipata","Cyperaceae",76114,N,burke-wa-flora
"Carex straminiformis","Cyperaceae",76115,N,burke-wa-flora
"Carex stylosa","Cyperaceae",160115,N,burke-wa-flora
"Carex subfusca","Cyperaceae",76116,N,burke-wa-flora
"Carex sychnocephala","Cyperaceae",160120,N,burke-wa-flora
"Carex tahoensis","Cyperaceae",76118,N,burke-wa-flora
"Carex tenera","Cyperaceae",160122,N,burke-wa-flora
"Carex tenuiflora","Cyperaceae",143522,N,burke-wa-flora
"Carex tumulicola","Cyperaceae",64183,N,burke-wa-flora
"Carex unilateralis","Cyperaceae",76123,N,burke-wa-flora
"Carex utriculata","Cyperaceae",76124,N,burke-wa-flora
"Carex vallicola","Cyperaceae",76125,N,burke-wa-flora
"Carex vernacula","Cyperaceae",76126,N,burke-wa-flora
"Carex vesicaria","Cyperaceae",76127,N,burke-wa-flora
"Carex vulpinoidea","Cyperaceae",68052,N,burke-wa-flora
"Carex zikae","Cyperaceae",494316,N,burke-wa-flora
"Cascadia nuttallii","Saxifragaceae",76136,N,burke-wa-flora
"Cassiope lycopodioides","Ericaceae",126551,N,burke-wa-flora
"Cassiope mertensiana","Ericaceae",60530,N,burke-wa-flora
"Cassiope tetragona","Ericaceae",153373,N,burke-wa-flora
"Castilleja ambigua","Orobanchaceae",60738,N,burke-wa-flora
"Castilleja attenuata","Orobanchaceae",49341,N,burke-wa-flora
"Castilleja cervina","Orobanchaceae",69425,N,burke-wa-flora
"Castilleja chambersii","Orobanchaceae",160180,N,burke-wa-flora
"Castilleja cryptantha","Orobanchaceae",160187,Y,burke-wa-flora
"Castilleja cusickii","Orobanchaceae",160188,N,burke-wa-flora
"Castilleja elmeri","Orobanchaceae",147018,N,burke-wa-flora
"Castilleja hispida","Orobanchaceae",128204,N,burke-wa-flora
"Castilleja levisecta","Orobanchaceae",128077,N,burke-wa-flora
"Castilleja litoralis","Orobanchaceae",1044223,N,burke-wa-flora
"Castilleja lutescens","Orobanchaceae",160204,N,burke-wa-flora
"Castilleja miniata","Orobanchaceae",76148,N,burke-wa-flora
"Castilleja minor","Orobanchaceae",76149,N,burke-wa-flora
"Castilleja parviflora","Orobanchaceae",117498,Y,burke-wa-flora
"Castilleja rupicola","Orobanchaceae",146931,N,burke-wa-flora
"Castilleja suksdorfii","Orobanchaceae",160224,N,burke-wa-flora
"Castilleja tenuis","Orobanchaceae",76157,N,burke-wa-flora
"Castilleja thompsonii","Orobanchaceae",143421,N,burke-wa-flora
"Castilleja victoriae","Orobanchaceae",160227,N,burke-wa-flora
"Caulanthus lasiophyllus","Brassicaceae",76165,N,burke-wa-flora
"Ceanothus cuneatus","Rhamnaceae",49673,N,burke-wa-flora
"Ceanothus integerrimus","Rhamnaceae",62227,N,burke-wa-flora
"Ceanothus prostratus","Rhamnaceae",76192,N,burke-wa-flora
"Ceanothus sanguineus","Rhamnaceae",76197,N,burke-wa-flora
"Ceanothus velutinus","Rhamnaceae",64043,N,burke-wa-flora
"Celtis reticulata","Cannabaceae",76203,N,burke-wa-flora
"Cephalanthera austiniae","Orchidaceae",50706,N,burke-wa-flora
"Cerastium arvense","Caryophyllaceae",50851,N,burke-wa-flora
"Cerastium beeringianum","Caryophyllaceae",76218,N,burke-wa-flora
"Cerastium brachypodum","Caryophyllaceae",160333,N,burke-wa-flora
"Cerastium nutans","Caryophyllaceae",53308,N,burke-wa-flora
"Ceratophyllum demersum","Ceratophyllaceae",60997,N,burke-wa-flora
"Ceratophyllum echinatum","Ceratophyllaceae",160354,N,burke-wa-flora
"Cercocarpus ledifolius","Rosaceae",76221,N,burke-wa-flora
"Chaenactis douglasii","Asteraceae",62682,N,burke-wa-flora
"Chaenactis thompsonii","Asteraceae",144057,Y,burke-wa-flora
"Chamaenerion angustifolium","Onagraceae",564969,N,burke-wa-flora
"Chamaenerion latifolium","Onagraceae",564970,N,burke-wa-flora
"Chenopodiastrum simplex","Amaranthaceae",1398662,N,burke-wa-flora
"Chenopodium atrovirens","Amaranthaceae",76270,N,burke-wa-flora
"Chenopodium berlandieri","Amaranthaceae",58879,N,burke-wa-flora
"Chenopodium fremontii","Amaranthaceae",76274,N,burke-wa-flora
"Chenopodium leptophyllum","Amaranthaceae",76278,N,burke-wa-flora
"Chenopodium pratericola","Amaranthaceae",76284,N,burke-wa-flora
"Chenopodium subglabrum","Amaranthaceae",160512,N,burke-wa-flora
"Cherleria biflora","Caryophyllaceae",836811,N,burke-wa-flora
"Cherleria obtusiloba","Caryophyllaceae",836821,N,burke-wa-flora
"Chimaphila menziesii","Ericaceae",62238,N,burke-wa-flora
"Chimaphila umbellata","Ericaceae",62236,N,burke-wa-flora
"Chorizanthe watsonii","Polygonaceae",58264,N,burke-wa-flora
"Chrysolepis chrysophylla","Fagaceae",53363,N,burke-wa-flora
"Chrysosplenium glechomifolium","Saxifragaceae",76325,N,burke-wa-flora
"Chrysosplenium tetrandrum","Saxifragaceae",160563,N,burke-wa-flora
"Chrysothamnus viscidiflorus","Asteraceae",76329,N,burke-wa-flora
"Chylismia scapoidea","Onagraceae",878175,N,burke-wa-flora
"Cicuta bulbifera","Apiaceae",130369,N,burke-wa-flora
"Cicuta douglasii","Apiaceae",76338,N,burke-wa-flora
"Cicuta maculata","Apiaceae",60125,N,burke-wa-flora
"Cinna latifolia","Poaceae",76340,N,burke-wa-flora
"Circaea alpina","Onagraceae",76342,N,burke-wa-flora
"Cirsium brevifolium","Asteraceae",160591,N,burke-wa-flora
"Cirsium brevistylum","Asteraceae",52993,N,burke-wa-flora
"Cirsium edule","Asteraceae",143675,Y,burke-wa-flora
"Cirsium flodmanii","Asteraceae",160602,N,burke-wa-flora
"Cirsium hookerianum","Asteraceae",160608,N,burke-wa-flora
"Cirsium inamoenum","Asteraceae",76350,N,burke-wa-flora
"Cirsium remotifolium","Asteraceae",76355,N,burke-wa-flora
"Cirsium scariosum","Asteraceae",76357,N,burke-wa-flora
"Cirsium undulatum","Asteraceae",76358,N,burke-wa-flora
"Clarkia amoena","Onagraceae",61048,N,burke-wa-flora
"Clarkia gracilis","Onagraceae",61895,N,burke-wa-flora
"Clarkia pulchella","Onagraceae",55992,N,burke-wa-flora
"Clarkia purpurea","Onagraceae",51087,N,burke-wa-flora
"Clarkia rhomboidea","Onagraceae",61870,N,burke-wa-flora
"Claytonia arenicola","Montiaceae",160668,N,burke-wa-flora
"Claytonia cordifolia","Montiaceae",76386,N,burke-wa-flora
"Claytonia exigua","Montiaceae",57233,N,burke-wa-flora
"Claytonia lanceolata","Montiaceae",62584,N,burke-wa-flora
"Claytonia megarhiza","Montiaceae",76387,N,burke-wa-flora
"Claytonia multiscapa","Montiaceae",160671,N,burke-wa-flora
"Claytonia parviflora","Montiaceae",58294,N,burke-wa-flora
"Claytonia perfoliata","Montiaceae",52994,N,burke-wa-flora
"Claytonia rubra","Montiaceae",64184,N,burke-wa-flora
"Claytonia sibirica","Montiaceae",55767,N,burke-wa-flora
"Claytonia umbellata","Montiaceae",76391,N,burke-wa-flora
"Claytonia washingtoniana","Montiaceae",76392,N,burke-wa-flora
"Clematis hirsutissima","Ranunculaceae",160688,N,burke-wa-flora
"Clematis ligusticifolia","Ranunculaceae",58996,N,burke-wa-flora
"Clematis occidentalis","Ranunculaceae",117512,Y,burke-wa-flora
"Clinopodium douglasii","Lamiaceae",53203,N,burke-wa-flora
"Clintonia uniflora","Liliaceae",76401,N,burke-wa-flora
"Cochlearia groenlandica","Brassicaceae",76403,N,burke-wa-flora
"Coleanthus subtilis","Poaceae",160780,N,burke-wa-flora
"Collinsia grandiflora","Plantaginaceae",76409,N,burke-wa-flora
"Collinsia parviflora","Plantaginaceae",59013,N,burke-wa-flora
"Collinsia rattanii","Plantaginaceae",76413,N,burke-wa-flora
"Collinsia sparsiflora","Plantaginaceae",50656,N,burke-wa-flora
"Collomia debilis","Polemoniaceae",160786,N,burke-wa-flora
"Collomia grandiflora","Polemoniaceae",61871,N,burke-wa-flora
"Collomia heterophylla","Polemoniaceae",52996,N,burke-wa-flora
"Collomia larsenii","Polemoniaceae",76415,N,burke-wa-flora
"Collomia linearis","Polemoniaceae",76416,N,burke-wa-flora
"Collomia macrocalyx","Polemoniaceae",160787,N,burke-wa-flora
"Collomia tenella","Polemoniaceae",76418,N,burke-wa-flora
"Collomia tinctoria","Polemoniaceae",76419,N,burke-wa-flora
"Columbiadoria hallii","Asteraceae",160815,N,burke-wa-flora
"Comandra umbellata","Santalaceae",59991,N,burke-wa-flora
"Comarum palustre","Rosaceae",62213,N,burke-wa-flora
"Comastoma tenellum","Gentianaceae",76424,N,burke-wa-flora
"Conioselinum gmelinii","Apiaceae",160830,N,burke-wa-flora
"Coptis aspleniifolia","Ranunculaceae",160861,N,burke-wa-flora
"Coptis laciniata","Ranunculaceae",76436,N,burke-wa-flora
"Coptis occidentalis","Ranunculaceae",160862,N,burke-wa-flora
"Coptis trifolia","Ranunculaceae",126251,N,burke-wa-flora
"Corallorhiza maculata","Orchidaceae",49475,Y,burke-wa-flora
"Corallorhiza mertensiana","Orchidaceae",49444,N,burke-wa-flora
"Corallorhiza striata","Orchidaceae",50708,N,burke-wa-flora
"Corallorhiza trifida","Orchidaceae",50709,N,burke-wa-flora
"Cordylanthus capitatus","Orobanchaceae",63009,N,burke-wa-flora
"Coreopsis tinctoria","Asteraceae",76445,N,burke-wa-flora
"Corispermum americanum","Amaranthaceae",76446,N,burke-wa-flora
"Corispermum hookeri","Amaranthaceae",160909,N,burke-wa-flora
"Corispermum pacificum","Amaranthaceae",160913,N,burke-wa-flora
"Corispermum pallidum","Amaranthaceae",160915,Y,burke-wa-flora
"Corispermum villosum","Amaranthaceae",160916,N,burke-wa-flora
"Cornus alba","Cornaceae",124879,N,burke-wa-flora
"Cornus canadensis","Cornaceae",47192,N,burke-wa-flora
"Cornus nuttallii","Cornaceae",76447,N,burke-wa-flora
"Cornus unalaschkensis","Cornaceae",1096279,N,burke-wa-flora
"Corydalis aurea","Papaveraceae",76451,N,burke-wa-flora
"Corydalis scouleri","Papaveraceae",153412,N,burke-wa-flora
"Corylus cornuta","Betulaceae",53374,N,burke-wa-flora
"Crassula aquatica","Crassulaceae",58135,N,burke-wa-flora
"Crassula connata","Crassulaceae",57016,N,burke-wa-flora
"Crataegus castlegarensis","Rosaceae",76468,N,burke-wa-flora
"Crataegus chrysocarpa","Rosaceae",54817,N,burke-wa-flora
"Crataegus douglasii","Rosaceae",76469,N,burke-wa-flora
"Crataegus gaylussacia","Rosaceae",76470,N,burke-wa-flora
"Crataegus macracantha","Rosaceae",204189,N,burke-wa-flora
"Crataegus okanaganensis","Rosaceae",161054,N,burke-wa-flora
"Crataegus okennonii","Rosaceae",161055,N,burke-wa-flora
"Crataegus phippsii","Rosaceae",161067,N,burke-wa-flora
"Crataegus tenuior","Rosaceae",1280109,N,burke-wa-flora
"Crepis acuminata","Asteraceae",76471,N,burke-wa-flora
"Crepis atribarba","Asteraceae",54904,N,burke-wa-flora
"Crepis bakeri","Asteraceae",76472,N,burke-wa-flora
"Crepis barbigera","Asteraceae",1473222,N,burke-wa-flora
"Crepis intermedia","Asteraceae",76474,N,burke-wa-flora
"Crepis modocensis","Asteraceae",76475,N,burke-wa-flora
"Crepis occidentalis","Asteraceae",76478,N,burke-wa-flora
"Crepis runcinata","Asteraceae",61888,N,burke-wa-flora
"Crocidium multicaule","Asteraceae",57524,N,burke-wa-flora
"Cryptantha affinis","Boraginaceae",76489,N,burke-wa-flora
"Cryptantha ambigua","Boraginaceae",76490,N,burke-wa-flora
"Cryptantha fendleri","Boraginaceae",76504,N,burke-wa-flora
"Cryptantha flaccida","Boraginaceae",56989,N,burke-wa-flora
"Cryptantha gracilis","Boraginaceae",76508,N,burke-wa-flora
"Cryptantha grandiflora","Boraginaceae",1588810,N,burke-wa-flora
"Cryptantha intermedia","Boraginaceae",57699,N,burke-wa-flora
"Cryptantha pterocarya","Boraginaceae",58057,N,burke-wa-flora
"Cryptantha rostellata","Boraginaceae",1472158,N,burke-wa-flora
"Cryptantha scoparia","Boraginaceae",905548,N,burke-wa-flora
"Cryptantha simulans","Boraginaceae",57702,N,burke-wa-flora
"Cryptantha torreyana","Boraginaceae",57697,N,burke-wa-flora
"Cryptantha watsonii","Boraginaceae",76535,N,burke-wa-flora
"Cuscuta californica","Convolvulaceae",57019,N,burke-wa-flora
"Cuscuta campestris","Convolvulaceae",76545,N,burke-wa-flora
"Cuscuta cephalanthi","Convolvulaceae",52727,N,burke-wa-flora
"Cuscuta denticulata","Convolvulaceae",76546,N,burke-wa-flora
"Cuscuta indecora","Convolvulaceae",76547,N,burke-wa-flora
"Cuscuta occidentalis","Convolvulaceae",76552,N,burke-wa-flora
"Cuscuta pacifica","Convolvulaceae",76553,N,burke-wa-flora
"Cuscuta suksdorfii","Convolvulaceae",76557,N,burke-wa-flora
"Cusickiella douglasii","Brassicaceae",76559,N,burke-wa-flora
"Cymopterus terebinthinus","Apiaceae",76579,N,burke-wa-flora
"Cyperus acuminatus","Cyperaceae",76582,N,burke-wa-flora
"Cyperus aristulatus","Cyperaceae",1197053,N,burke-wa-flora
"Cyperus bipartitus","Cyperaceae",76583,N,burke-wa-flora
"Cyperus erythrorhizos","Cyperaceae",59060,N,burke-wa-flora
"Cyperus esculentus","Cyperaceae",76584,N,burke-wa-flora
"Cyperus hemioccidentalis","Cyperaceae",867303,N,burke-wa-flora
"Cyperus lupulinus","Cyperaceae",161460,N,burke-wa-flora
"Cyperus schweinitzii","Cyperaceae",161489,N,burke-wa-flora
"Cyperus squarrosus","Cyperaceae",59061,N,burke-wa-flora
"Cyperus strigosus","Cyperaceae",59063,N,burke-wa-flora
"Cyperus subsquarrosus","Cyperaceae",1007818,N,burke-wa-flora
"Cypripedium fasciculatum","Orchidaceae",50711,N,burke-wa-flora
"Cypripedium montanum","Orchidaceae",50712,N,burke-wa-flora
"Cypripedium parviflorum","Orchidaceae",50713,N,burke-wa-flora
"Dactylorhiza viridis","Orchidaceae",128599,N,burke-wa-flora
"Dalea ornata","Fabaceae",63684,N,burke-wa-flora
"Damasonium californicum","Alismataceae",60252,N,burke-wa-flora
"Danthonia californica","Poaceae",57165,N,burke-wa-flora
"Danthonia intermedia","Poaceae",76604,N,burke-wa-flora
"Danthonia spicata","Poaceae",130174,N,burke-wa-flora
"Danthonia unispicata","Poaceae",76605,N,burke-wa-flora
"Dasiphora fruticosa","Rosaceae",76606,N,burke-wa-flora
"Daucus pusillus","Apiaceae",56726,N,burke-wa-flora
"Delphinium depauperatum","Ranunculaceae",76624,N,burke-wa-flora
"Delphinium distichum","Ranunculaceae",161662,N,burke-wa-flora
"Delphinium glareosum","Ranunculaceae",145531,N,burke-wa-flora
"Delphinium glaucum","Ranunculaceae",76625,N,burke-wa-flora
"Delphinium leucophaeum","Ranunculaceae",466065,N,burke-wa-flora
"Delphinium lineapetalum","Ranunculaceae",161669,Y,burke-wa-flora
"Delphinium menziesii","Ranunculaceae",153479,N,burke-wa-flora
"Delphinium multiplex","Ranunculaceae",161671,Y,burke-wa-flora
"Delphinium nuttallianum","Ranunculaceae",76630,N,burke-wa-flora
"Delphinium nuttallii","Ranunculaceae",128582,N,burke-wa-flora
"Delphinium occidentale","Ranunculaceae",1483588,N,burke-wa-flora
"Delphinium stachydeum","Ranunculaceae",76634,N,burke-wa-flora
"Delphinium sutherlandii","Ranunculaceae",161678,N,burke-wa-flora
"Delphinium trolliifolium","Ranunculaceae",76635,N,burke-wa-flora
"Delphinium viridescens","Ranunculaceae",161681,Y,burke-wa-flora
"Delphinium xantholeucum","Ranunculaceae",161683,Y,burke-wa-flora
"Deschampsia cespitosa","Poaceae",76639,N,burke-wa-flora
"Deschampsia danthonioides","Poaceae",57164,N,burke-wa-flora
"Deschampsia elongata","Poaceae",52722,N,burke-wa-flora
"Descurainia incana","Brassicaceae",76642,N,burke-wa-flora
"Descurainia incisa","Brassicaceae",76643,N,burke-wa-flora
"Descurainia longepedicellata","Brassicaceae",359569,N,burke-wa-flora
"Descurainia nelsonii","Brassicaceae",76645,N,burke-wa-flora
"Descurainia pinnata","Brassicaceae",58072,N,burke-wa-flora
"Dicentra cucullaria","Papaveraceae",51053,N,burke-wa-flora
"Dicentra formosa","Papaveraceae",51048,N,burke-wa-flora
"Dicentra uniflora","Papaveraceae",60548,N,burke-wa-flora
"Dichanthelium acuminatum","Poaceae",128949,N,burke-wa-flora
"Dichanthelium oligosanthes","Poaceae",161798,N,burke-wa-flora
"Dichelostemma congestum","Asparagaceae",56593,N,burke-wa-flora
"Dieteria canescens","Asteraceae",76655,N,burke-wa-flora
"Diplachne fusca","Poaceae",1377294,N,burke-wa-flora
"Diplacus cusickioides","Phrymaceae",771819,N,burke-wa-flora
"Diplacus nanus","Phrymaceae",503715,N,burke-wa-flora
"Distichlis spicata","Poaceae",58372,N,burke-wa-flora
"Downingia bacigalupii","Campanulaceae",76680,N,burke-wa-flora
"Downingia elegans","Campanulaceae",76681,N,burke-wa-flora
"Draba albertina","Brassicaceae",76687,N,burke-wa-flora
"Draba aurea","Brassicaceae",162008,N,burke-wa-flora
"Draba aureola","Brassicaceae",76689,N,burke-wa-flora
"Draba cana","Brassicaceae",76692,N,burke-wa-flora
"Draba crassifolia","Brassicaceae",162017,N,burke-wa-flora
"Draba densifolia","Brassicaceae",76697,N,burke-wa-flora
"Draba incerta","Brassicaceae",162030,N,burke-wa-flora
"Draba lonchocarpa","Brassicaceae",76701,N,burke-wa-flora
"Draba novolympica","Brassicaceae",76705,N,burke-wa-flora
"Draba oligosperma","Brassicaceae",76706,N,burke-wa-flora
"Draba praealta","Brassicaceae",76707,N,burke-wa-flora
"Draba ruaxes","Brassicaceae",162061,N,burke-wa-flora
"Draba stenoloba","Brassicaceae",162069,N,burke-wa-flora
"Draba taylorii","Brassicaceae",904557,N,burke-wa-flora
"Draba thompsonii","Brassicaceae",458744,N,burke-wa-flora
"Dracocephalum parviflorum","Lamiaceae",162080,N,burke-wa-flora
"Drosera anglica","Droseraceae",52655,N,burke-wa-flora
"Drosera rotundifolia","Droseraceae",52658,N,burke-wa-flora
"Dryas drummondii","Rosaceae",83540,N,burke-wa-flora
"Dryas hookeriana","Rosaceae",1308823,N,burke-wa-flora
"Drymocallis arguta","Rosaceae",204304,N,burke-wa-flora
"Drymocallis glandulosa","Rosaceae",76716,N,burke-wa-flora
"Dulichium arundinaceum","Cyperaceae",76745,N,burke-wa-flora
"Eatonella nivea","Asteraceae",76753,N,burke-wa-flora
"Echinochloa muricata","Poaceae",76758,N,burke-wa-flora
"Elaeagnus commutata","Elaeagnaceae",162212,N,burke-wa-flora
"Elatine californica","Elatinaceae",58891,N,burke-wa-flora
"Elatine chilensis","Elatinaceae",1445847,N,burke-wa-flora
"Eleocharis acicularis","Cyperaceae",57020,N,burke-wa-flora
"Eleocharis atropurpurea","Cyperaceae",76770,N,burke-wa-flora
"Eleocharis bella","Cyperaceae",76771,N,burke-wa-flora
"Eleocharis bolanderi","Cyperaceae",76773,N,burke-wa-flora
"Eleocharis coloradoensis","Cyperaceae",76774,N,burke-wa-flora
"Eleocharis engelmannii","Cyperaceae",76776,N,burke-wa-flora
"Eleocharis erythropoda","Cyperaceae",162242,N,burke-wa-flora
"Eleocharis geniculata","Cyperaceae",76778,N,burke-wa-flora
"Eleocharis macrostachya","Cyperaceae",59064,N,burke-wa-flora
"Eleocharis mamillata","Cyperaceae",162249,N,burke-wa-flora
"Eleocharis nitida","Cyperaceae",162255,N,burke-wa-flora
"Eleocharis obtusa","Cyperaceae",76779,N,burke-wa-flora
"Eleocharis ovata","Cyperaceae",76780,N,burke-wa-flora
"Eleocharis palustris","Cyperaceae",1419558,N,burke-wa-flora
"Eleocharis parvula","Cyperaceae",76783,N,burke-wa-flora
"Eleocharis quinqueflora","Cyperaceae",76785,N,burke-wa-flora
"Eleocharis rostellata","Cyperaceae",59065,N,burke-wa-flora
"Eleocharis suksdorfiana","Cyperaceae",76787,N,burke-wa-flora
"Eleocharis uniglumis","Cyperaceae",162264,N,burke-wa-flora
"Elliottia pyroliflora","Ericaceae",126553,N,burke-wa-flora
"Elmera racemosa","Saxifragaceae",128867,Y,burke-wa-flora
"Elodea canadensis","Hydrocharitaceae",76793,N,burke-wa-flora
"Elodea nuttallii","Hydrocharitaceae",57623,N,burke-wa-flora
"Elymus albicans","Poaceae",162276,N,burke-wa-flora
"Elymus canadensis","Poaceae",129000,N,burke-wa-flora
"Elymus curvatus","Poaceae",204309,N,burke-wa-flora
"Elymus elymoides","Poaceae",58376,N,burke-wa-flora
"Elymus glaucus","Poaceae",52791,N,burke-wa-flora
"Elymus hirsutus","Poaceae",162281,N,burke-wa-flora
"Elymus lanceolatus","Poaceae",76799,N,burke-wa-flora
"Elymus multisetus","Poaceae",57167,N,burke-wa-flora
"Elymus scribneri","Poaceae",76804,N,burke-wa-flora
"Elymus smithii","Poaceae",76806,N,burke-wa-flora
"Elymus trachycaulus","Poaceae",61202,N,burke-wa-flora
"Elymus violaceus","Poaceae",555525,N,burke-wa-flora
"Elymus vulpinus","Poaceae",162291,N,burke-wa-flora
"Elymus wawawaiensis","Poaceae",162292,N,burke-wa-flora
"Empetrum nigrum","Ericaceae",76812,N,burke-wa-flora
"Enemion hallii","Ranunculaceae",162322,N,burke-wa-flora
"Epilobium anagallidifolium","Onagraceae",76826,N,burke-wa-flora
"Epilobium brachycarpum","Onagraceae",52971,N,burke-wa-flora
"Epilobium campestre","Onagraceae",76827,N,burke-wa-flora
"Epilobium ciliatum","Onagraceae",53050,N,burke-wa-flora
"Epilobium clavatum","Onagraceae",76828,N,burke-wa-flora
"Epilobium densiflorum","Onagraceae",57149,N,burke-wa-flora
"Epilobium glaberrimum","Onagraceae",76830,N,burke-wa-flora
"Epilobium hallianum","Onagraceae",76831,N,burke-wa-flora
"Epilobium hornemannii","Onagraceae",76832,N,burke-wa-flora
"Epilobium lactiflorum","Onagraceae",76834,N,burke-wa-flora
"Epilobium leptocarpum","Onagraceae",162362,N,burke-wa-flora
"Epilobium luteum","Onagraceae",76836,N,burke-wa-flora
"Epilobium minutum","Onagraceae",57150,N,burke-wa-flora
"Epilobium mirabile","Onagraceae",162363,N,burke-wa-flora
"Epilobium oregonense","Onagraceae",76839,N,burke-wa-flora
"Epilobium palustre","Onagraceae",76841,N,burke-wa-flora
"Epilobium torreyi","Onagraceae",58949,N,burke-wa-flora
"Epipactis gigantea","Orchidaceae",50715,N,burke-wa-flora
"Eragrostis hypnoides","Poaceae",76851,N,burke-wa-flora
"Eragrostis lutescens","Poaceae",76853,N,burke-wa-flora
"Eragrostis pectinacea","Poaceae",76856,N,burke-wa-flora
"Eremogone aculeata","Caryophyllaceae",76858,N,burke-wa-flora
"Eremogone capillaris","Caryophyllaceae",452473,N,burke-wa-flora
"Eremogone congesta","Caryophyllaceae",76860,N,burke-wa-flora
"Eremogone franklinii","Caryophyllaceae",787711,N,burke-wa-flora
"Eremothera boothii","Onagraceae",76865,N,burke-wa-flora
"Eremothera minor","Onagraceae",76867,N,burke-wa-flora
"Eremothera pygmaea","Onagraceae",505347,N,burke-wa-flora
"Eriastrum wilcoxii","Polemoniaceae",76876,N,burke-wa-flora
"Ericameria bloomeri","Asteraceae",76879,N,burke-wa-flora
"Ericameria greenei","Asteraceae",76884,N,burke-wa-flora
"Ericameria nauseosa","Asteraceae",57934,N,burke-wa-flora
"Ericameria resinosa","Asteraceae",162437,N,burke-wa-flora
"Erigeron acris","Asteraceae",143666,N,burke-wa-flora
"Erigeron aliceae","Asteraceae",76896,N,burke-wa-flora
"Erigeron annuus","Asteraceae",76897,N,burke-wa-flora
"Erigeron aureus","Asteraceae",143667,N,burke-wa-flora
"Erigeron basalticus","Asteraceae",162451,Y,burke-wa-flora
"Erigeron bloomeri","Asteraceae",76903,N,burke-wa-flora
"Erigeron caespitosus","Asteraceae",325385,N,burke-wa-flora
"Erigeron canadensis","Asteraceae",76907,N,burke-wa-flora
"Erigeron chrysopsidis","Asteraceae",76909,N,burke-wa-flora
"Erigeron compositus","Asteraceae",76912,N,burke-wa-flora
"Erigeron corymbosus","Asteraceae",162462,N,burke-wa-flora
"Erigeron disparipilus","Asteraceae",162466,N,burke-wa-flora
"Erigeron eatonii","Asteraceae",76915,N,burke-wa-flora
"Erigeron elatus","Asteraceae",162468,N,burke-wa-flora
"Erigeron elegantulus","Asteraceae",76916,N,burke-wa-flora
"Erigeron filifolius","Asteraceae",76918,N,burke-wa-flora
"Erigeron flettii","Asteraceae",162473,Y,burke-wa-flora
"Erigeron glacialis","Asteraceae",76920,N,burke-wa-flora
"Erigeron grandiflorus","Asteraceae",162480,N,burke-wa-flora
"Erigeron howellii","Asteraceae",162484,N,burke-wa-flora
"Erigeron inornatus","Asteraceae",76922,N,burke-wa-flora
"Erigeron leibergii","Asteraceae",162496,N,burke-wa-flora
"Erigeron linearis","Asteraceae",76926,N,burke-wa-flora
"Erigeron lonchophyllus","Asteraceae",76927,N,burke-wa-flora
"Erigeron nivalis","Asteraceae",76932,N,burke-wa-flora
"Erigeron oreganus","Asteraceae",162510,N,burke-wa-flora
"Erigeron peregrinus","Asteraceae",133922,Y,burke-wa-flora
"Erigeron philadelphicus","Asteraceae",67820,N,burke-wa-flora
"Erigeron piperianus","Asteraceae",162515,Y,burke-wa-flora
"Erigeron poliospermus","Asteraceae",162517,Y,burke-wa-flora
"Erigeron pumilus","Asteraceae",76936,N,burke-wa-flora
"Erigeron salishii","Asteraceae",162528,N,burke-wa-flora
"Erigeron speciosus","Asteraceae",84732,N,burke-wa-flora
"Erigeron strigosus","Asteraceae",76942,N,burke-wa-flora
"Erigeron subtrinervis","Asteraceae",162538,N,burke-wa-flora
"Eriocoma hendersonii","Poaceae",1220377,N,burke-wa-flora
"Eriocoma hymenoides","Poaceae",1220378,N,burke-wa-flora
"Eriogonum baileyi","Polygonaceae",58267,N,burke-wa-flora
"Eriogonum cernuum","Polygonaceae",76973,N,burke-wa-flora
"Eriogonum codium","Polygonaceae",162592,Y,burke-wa-flora
"Eriogonum compositum","Polygonaceae",76976,Y,burke-wa-flora
"Eriogonum douglasii","Polygonaceae",76984,N,burke-wa-flora
"Eriogonum elatum","Polygonaceae",76986,N,burke-wa-flora
"Eriogonum flavum","Polygonaceae",133440,N,burke-wa-flora
"Eriogonum heracleoides","Polygonaceae",54897,N,burke-wa-flora
"Eriogonum maculatum","Polygonaceae",58277,N,burke-wa-flora
"Eriogonum marifolium","Polygonaceae",62679,N,burke-wa-flora
"Eriogonum microtheca","Polygonaceae",1286621,N,burke-wa-flora
"Eriogonum niveum","Polygonaceae",162640,N,burke-wa-flora
"Eriogonum nudum","Polygonaceae",53046,N,burke-wa-flora
"Eriogonum ovalifolium","Polygonaceae",48938,N,burke-wa-flora
"Eriogonum pyrolifolium","Polygonaceae",77025,N,burke-wa-flora
"Eriogonum sphaerocephalum","Polygonaceae",59239,N,burke-wa-flora
"Eriogonum strictum","Polygonaceae",77033,N,burke-wa-flora
"Eriogonum thymoides","Polygonaceae",162663,N,burke-wa-flora
"Eriogonum umbellatum","Polygonaceae",77040,Y,burke-wa-flora
"Eriogonum vimineum","Polygonaceae",57210,N,burke-wa-flora
"Eriophorum angustifolium","Cyperaceae",127215,N,burke-wa-flora
"Eriophorum chamissonis","Cyperaceae",162678,N,burke-wa-flora
"Eriophorum gracile","Cyperaceae",77045,N,burke-wa-flora
"Eriophorum viridicarinatum","Cyperaceae",162682,N,burke-wa-flora
"Eriophyllum lanatum","Asteraceae",77049,N,burke-wa-flora
"Eritrichium argenteum","Boraginaceae",769772,N,burke-wa-flora
"Eryngium articulatum","Apiaceae",60119,N,burke-wa-flora
"Eryngium petiolatum","Apiaceae",162709,N,burke-wa-flora
"Erysimum arenicola","Brassicaceae",84485,N,burke-wa-flora
"Erysimum capitatum","Brassicaceae",50628,N,burke-wa-flora
"Erysimum inconspicuum","Brassicaceae",162715,N,burke-wa-flora
"Erysimum occidentale","Brassicaceae",50629,N,burke-wa-flora
"Erythranthe alsinoides","Phrymaceae",771843,N,burke-wa-flora
"Erythranthe ampliata","Phrymaceae",706385,N,burke-wa-flora
"Erythranthe arvensis","Phrymaceae",771848,N,burke-wa-flora
"Erythranthe breviflora","Phrymaceae",771855,N,burke-wa-flora
"Erythranthe breweri","Phrymaceae",548766,N,burke-wa-flora
"Erythranthe caespitosa","Phrymaceae",474721,N,burke-wa-flora
"Erythranthe decora","Phrymaceae",771865,N,burke-wa-flora
"Erythranthe dentata","Phrymaceae",765338,N,burke-wa-flora
"Erythranthe floribunda","Phrymaceae",701582,N,burke-wa-flora
"Erythranthe grandis","Phrymaceae",771876,N,burke-wa-flora
"Erythranthe guttata","Phrymaceae",470643,N,burke-wa-flora
"Erythranthe inflatula","Phrymaceae",505348,N,burke-wa-flora
"Erythranthe jungermannioides","Phrymaceae",505349,N,burke-wa-flora
"Erythranthe lewisii","Phrymaceae",777190,N,burke-wa-flora
"Erythranthe microphylla","Phrymaceae",453717,N,burke-wa-flora
"Erythranthe moschata","Phrymaceae",453644,N,burke-wa-flora
"Erythranthe nasuta","Phrymaceae",545973,N,burke-wa-flora
"Erythranthe patula","Phrymaceae",505350,N,burke-wa-flora
"Erythranthe primuloides","Phrymaceae",635401,N,burke-wa-flora
"Erythranthe ptilota","Phrymaceae",771908,N,burke-wa-flora
"Erythranthe pulsiferae","Phrymaceae",601921,N,burke-wa-flora
"Erythranthe scouleri","Phrymaceae",771911,N,burke-wa-flora
"Erythranthe suksdorfii","Phrymaceae",533374,N,burke-wa-flora
"Erythranthe washingtonensis","Phrymaceae",1358886,N,burke-wa-flora
"Erythronium grandiflorum","Liliaceae",60496,N,burke-wa-flora
"Erythronium montanum","Liliaceae",60505,N,burke-wa-flora
"Erythronium oregonum","Liliaceae",59520,N,burke-wa-flora
"Erythronium quinaultense","Liliaceae",162724,Y,burke-wa-flora
"Erythronium revolutum","Liliaceae",77081,N,burke-wa-flora
"Euonymus occidentalis","Celastraceae",64542,N,burke-wa-flora
"Euphorbia glyptosperma","Euphorbiaceae",204318,N,burke-wa-flora
"Euphorbia serpillifolia","Euphorbiaceae",550259,N,burke-wa-flora
"Euphorbia spathulata","Euphorbiaceae",58894,N,burke-wa-flora
"Eurybia conspicua","Asteraceae",162879,N,burke-wa-flora
"Eurybia integrifolia","Asteraceae",77123,N,burke-wa-flora
"Eurybia merita","Asteraceae",77124,N,burke-wa-flora
"Eurybia radulina","Asteraceae",52974,N,burke-wa-flora
"Eurybia sibirica","Asteraceae",162890,N,burke-wa-flora
"Euthamia occidentalis","Asteraceae",58826,N,burke-wa-flora
"Eutrochium maculatum","Asteraceae",117440,N,burke-wa-flora
"Festuca brachyphylla","Poaceae",77135,N,burke-wa-flora
"Festuca californica","Poaceae",57169,N,burke-wa-flora
"Festuca campestris","Poaceae",162944,N,burke-wa-flora
"Festuca idahoensis","Poaceae",61200,N,burke-wa-flora
"Festuca microstachys","Poaceae",77138,N,burke-wa-flora
"Festuca occidentalis","Poaceae",59091,N,burke-wa-flora
"Festuca roemeri","Poaceae",162962,N,burke-wa-flora
"Festuca rubra","Poaceae",61061,N,burke-wa-flora
"Festuca saximontana","Poaceae",77144,N,burke-wa-flora
"Festuca subulata","Poaceae",77145,N,burke-wa-flora
"Festuca subuliflora","Poaceae",77146,N,burke-wa-flora
"Festuca viridula","Poaceae",77149,N,burke-wa-flora
"Festuca washingtonica","Poaceae",162967,N,burke-wa-flora
"Filipendula occidentalis","Rosaceae",162976,N,burke-wa-flora
"Floerkea proserpinacoides","Limnanthaceae",69648,N,burke-wa-flora
"Fragaria chiloensis","Rosaceae",55367,N,burke-wa-flora
"Fragaria vesca","Rosaceae",50298,N,burke-wa-flora
"Fragaria virginiana","Rosaceae",77155,N,burke-wa-flora
"Frangula purshiana","Rhamnaceae",77156,N,burke-wa-flora
"Frasera albicaulis","Gentianaceae",77160,N,burke-wa-flora
"Frasera fastigiata","Gentianaceae",163075,N,burke-wa-flora
"Frasera speciosa","Gentianaceae",56352,N,burke-wa-flora
"Fraxinus latifolia","Oleaceae",63878,N,burke-wa-flora
"Fritillaria affinis","Liliaceae",50618,N,burke-wa-flora
"Fritillaria camschatcensis","Liliaceae",128770,N,burke-wa-flora
"Fritillaria pudica","Liliaceae",77177,N,burke-wa-flora
"Gaillardia aristata","Asteraceae",77183,N,burke-wa-flora
"Galium aparine","Rubiaceae",1403902,N,burke-wa-flora
"Galium bifolium","Rubiaceae",77186,N,burke-wa-flora
"Galium boreale","Rubiaceae",77188,N,burke-wa-flora
"Galium kamtschaticum","Rubiaceae",163179,N,burke-wa-flora
"Galium mexicanum","Rubiaceae",77205,N,burke-wa-flora
"Galium oreganum","Rubiaceae",77210,N,burke-wa-flora
"Galium palustre","Rubiaceae",163184,N,burke-wa-flora
"Galium serpenticum","Rubiaceae",77213,N,burke-wa-flora
"Galium trifidum","Rubiaceae",77216,N,burke-wa-flora
"Galium triflorum","Rubiaceae",53065,N,burke-wa-flora
"Gamochaeta ustulata","Asteraceae",77224,N,burke-wa-flora
"Garrya fremontii","Garryaceae",56202,N,burke-wa-flora
"Gaultheria hispidula","Ericaceae",53460,N,burke-wa-flora
"Gaultheria humifusa","Ericaceae",77227,N,burke-wa-flora
"Gaultheria ovatifolia","Ericaceae",77228,N,burke-wa-flora
"Gaultheria shallon","Ericaceae",48441,N,burke-wa-flora
"Gayophytum decipiens","Onagraceae",77229,N,burke-wa-flora
"Gayophytum diffusum","Onagraceae",77230,N,burke-wa-flora
"Gayophytum heterozygum","Onagraceae",77232,N,burke-wa-flora
"Gayophytum humile","Onagraceae",77233,N,burke-wa-flora
"Gayophytum racemosum","Onagraceae",77235,N,burke-wa-flora
"Gayophytum ramosissimum","Onagraceae",77236,N,burke-wa-flora
"Gentiana affinis","Gentianaceae",67805,N,burke-wa-flora
"Gentiana calycosa","Gentianaceae",56350,N,burke-wa-flora
"Gentiana douglasiana","Gentianaceae",163228,N,burke-wa-flora
"Gentiana glauca","Gentianaceae",144087,N,burke-wa-flora
"Gentiana sceptrum","Gentianaceae",77244,N,burke-wa-flora
"Gentianella amarella","Gentianaceae",60389,N,burke-wa-flora
"Geocaulon lividum","Santalaceae",163253,N,burke-wa-flora
"Geranium bicknellii","Geraniaceae",77251,N,burke-wa-flora
"Geranium carolinianum","Geraniaceae",58917,N,burke-wa-flora
"Geranium oreganum","Geraniaceae",77256,N,burke-wa-flora
"Geranium richardsonii","Geraniaceae",77260,N,burke-wa-flora
"Geranium viscosissimum","Geraniaceae",77264,N,burke-wa-flora
"Geum aleppicum","Rosaceae",77265,N,burke-wa-flora
"Geum macrophyllum","Rosaceae",77266,N,burke-wa-flora
"Geum rivale","Rosaceae",55750,N,burke-wa-flora
"Geum rossii","Rosaceae",163276,N,burke-wa-flora
"Geum triflorum","Rosaceae",57460,N,burke-wa-flora
"Gilia capitata","Polemoniaceae",57793,N,burke-wa-flora
"Gilia inconspicua","Polemoniaceae",77269,N,burke-wa-flora
"Gilia sinuata","Polemoniaceae",77276,N,burke-wa-flora
"Githopsis specularioides","Campanulaceae",58867,N,burke-wa-flora
"Glossopetalon spinescens","Crossosomataceae",77286,N,burke-wa-flora
"Glyceria borealis","Poaceae",77287,N,burke-wa-flora
"Glyceria elata","Poaceae",77289,N,burke-wa-flora
"Glyceria grandis","Poaceae",77291,N,burke-wa-flora
"Glyceria leptostachya","Poaceae",77292,N,burke-wa-flora
"Glyceria occidentalis","Poaceae",61060,N,burke-wa-flora
"Glyceria striata","Poaceae",77293,N,burke-wa-flora
"Glycyrrhiza lepidota","Fabaceae",58896,N,burke-wa-flora
"Gnaphalium palustre","Asteraceae",57980,N,burke-wa-flora
"Goodyera oblongifolia","Orchidaceae",50719,N,burke-wa-flora
"Graphephorum wolfii","Poaceae",361652,N,burke-wa-flora
"Gratiola ebracteata","Plantaginaceae",77300,N,burke-wa-flora
"Gratiola neglecta","Plantaginaceae",77301,N,burke-wa-flora
"Grayia spinosa","Amaranthaceae",58128,N,burke-wa-flora
"Greeneocharis circumscissa","Boraginaceae",769898,N,burke-wa-flora
"Grindelia hirsutula","Asteraceae",55364,N,burke-wa-flora
"Grindelia integrifolia","Asteraceae",124526,N,burke-wa-flora
"Grindelia nana","Asteraceae",77304,N,burke-wa-flora
"Grindelia squarrosa","Asteraceae",77305,N,burke-wa-flora
"Grindelia stricta","Asteraceae",61992,N,burke-wa-flora
"Gutierrezia sarothrae","Asteraceae",77312,N,burke-wa-flora
"Hackelia ciliata","Boraginaceae",163486,N,burke-wa-flora
"Hackelia cinerea","Boraginaceae",163487,N,burke-wa-flora
"Hackelia diffusa","Boraginaceae",163491,Y,burke-wa-flora
"Hackelia floribunda","Boraginaceae",77322,N,burke-wa-flora
"Hackelia hispida","Boraginaceae",163494,Y,burke-wa-flora
"Hackelia micrantha","Boraginaceae",77323,N,burke-wa-flora
"Hackelia taylorii","Boraginaceae",769919,Y,burke-wa-flora
"Hackelia venusta","Boraginaceae",163500,Y,burke-wa-flora
"Halerpestes cymbalaria","Ranunculaceae",941891,N,burke-wa-flora
"Harrimanella stelleriana","Ericaceae",144145,N,burke-wa-flora
"Hedysarum occidentale","Fabaceae",163581,N,burke-wa-flora
"Hedysarum sulphurescens","Fabaceae",163582,N,burke-wa-flora
"Helenium autumnale","Asteraceae",77349,N,burke-wa-flora
"Helianthella uniflora","Asteraceae",117515,N,burke-wa-flora
"Helianthus annuus","Asteraceae",57983,N,burke-wa-flora
"Helianthus cusickii","Asteraceae",77354,N,burke-wa-flora
"Helianthus nuttallii","Asteraceae",77359,N,burke-wa-flora
"Heliotropium curassavicum","Heliotropiaceae",58058,N,burke-wa-flora
"Hemitomes congestum","Ericaceae",54663,N,burke-wa-flora
"Hemizonella minima","Asteraceae",77367,N,burke-wa-flora
"Heracleum maximum","Apiaceae",53094,N,burke-wa-flora
"Hesperochiron pumilus","Hydrophyllaceae",77372,N,burke-wa-flora
"Hesperostipa comata","Poaceae",157659,N,burke-wa-flora
"Heteranthera dubia","Pontederiaceae",77393,N,burke-wa-flora
"Heterocodon rariflorus","Campanulaceae",1639004,N,burke-wa-flora
"Heterotheca oregona","Asteraceae",77396,N,burke-wa-flora
"Heterotheca villosa","Asteraceae",1466398,N,burke-wa-flora
"Heuchera chlorantha","Saxifragaceae",163733,N,burke-wa-flora
"Heuchera cylindrica","Saxifragaceae",77403,N,burke-wa-flora
"Heuchera glabra","Saxifragaceae",128868,N,burke-wa-flora
"Heuchera grossulariifolia","Saxifragaceae",163739,N,burke-wa-flora
"Heuchera micrantha","Saxifragaceae",51274,N,burke-wa-flora
"Hieracium albiflorum","Asteraceae",63937,N,burke-wa-flora
"Hieracium longiberbe","Asteraceae",163789,N,burke-wa-flora
"Hieracium scouleri","Asteraceae",77418,N,burke-wa-flora
"Hieracium triste","Asteraceae",77419,N,burke-wa-flora
"Hieracium umbellatum","Asteraceae",55909,N,burke-wa-flora
"Hippuris montana","Plantaginaceae",163814,N,burke-wa-flora
"Hippuris vulgaris","Plantaginaceae",77422,N,burke-wa-flora
"Holodiscus discolor","Rosaceae",53414,N,burke-wa-flora
"Honckenya peploides","Caryophyllaceae",129446,N,burke-wa-flora
"Hordeum brachyantherum","Poaceae",57173,N,burke-wa-flora
"Hordeum depressum","Poaceae",58378,N,burke-wa-flora
"Hordeum jubatum","Poaceae",60287,N,burke-wa-flora
"Hordeum pusillum","Poaceae",129018,N,burke-wa-flora
"Horkelia fusca","Rosaceae",77437,N,burke-wa-flora
"Hosackia crassifolia","Fabaceae",77455,N,burke-wa-flora
"Hosackia gracilis","Fabaceae",50841,N,burke-wa-flora
"Hosackia pinnata","Fabaceae",77457,N,burke-wa-flora
"Hosackia rosea","Fabaceae",77458,N,burke-wa-flora
"Howellia aquatilis","Campanulaceae",77461,N,burke-wa-flora
"Hulsea nana","Asteraceae",77466,N,burke-wa-flora
"Hydrocotyle ranunculoides","Araliaceae",60951,N,burke-wa-flora
"Hydrophyllum capitatum","Hydrophyllaceae",77469,N,burke-wa-flora
"Hydrophyllum fendleri","Hydrophyllaceae",77470,N,burke-wa-flora
"Hydrophyllum tenuipes","Hydrophyllaceae",77472,N,burke-wa-flora
"Hymenopappus filifolius","Asteraceae",77473,N,burke-wa-flora
"Hypericum anagalloides","Hypericaceae",61032,N,burke-wa-flora
"Hypericum majus","Hypericaceae",154323,N,burke-wa-flora
"Hypericum scouleri","Hypericaceae",77484,N,burke-wa-flora
"Idahoa scapigera","Brassicaceae",77486,N,burke-wa-flora
"Iliamna longisepala","Malvaceae",164049,Y,burke-wa-flora
"Iliamna rivularis","Malvaceae",77489,N,burke-wa-flora
"Impatiens aurella","Balsaminaceae",164052,N,burke-wa-flora
"Impatiens ecornuta","Balsaminaceae",453101,N,burke-wa-flora
"Impatiens noli-tangere","Balsaminaceae",85492,N,burke-wa-flora
"Ionactis stenomeres","Asteraceae",164073,N,burke-wa-flora
"Ipomopsis aggregata","Polemoniaceae",52136,N,burke-wa-flora
"Ipomopsis congesta","Polemoniaceae",77498,N,burke-wa-flora
"Iris missouriensis","Iridaceae",57730,N,burke-wa-flora
"Iris tenax","Iridaceae",57727,N,burke-wa-flora
"Isolepis cernua","Cyperaceae",60257,N,burke-wa-flora
"Iva axillaris","Asteraceae",58837,N,burke-wa-flora
"Ivesia gordonii","Rosaceae",77525,N,burke-wa-flora
"Ivesia tweedyi","Rosaceae",144081,N,burke-wa-flora
"Jaumea carnosa","Asteraceae",60969,N,burke-wa-flora
"Juncus acuminatus","Juncaceae",77549,N,burke-wa-flora
"Juncus alpinoarticulatus","Juncaceae",164252,N,burke-wa-flora
"Juncus articulatus","Juncaceae",77552,N,burke-wa-flora
"Juncus balticus","Juncaceae",58347,N,burke-wa-flora
"Juncus bolanderi","Juncaceae",77553,N,burke-wa-flora
"Juncus breweri","Juncaceae",77555,N,burke-wa-flora
"Juncus bufonius","Juncaceae",57107,N,burke-wa-flora
"Juncus confusus","Juncaceae",77559,N,burke-wa-flora
"Juncus covillei","Juncaceae",77561,N,burke-wa-flora
"Juncus drummondii","Juncaceae",77565,N,burke-wa-flora
"Juncus dudleyi","Juncaceae",77567,N,burke-wa-flora
"Juncus effusus","Juncaceae",1536756,N,burke-wa-flora
"Juncus ensifolius","Juncaceae",77569,N,burke-wa-flora
"Juncus falcatus","Juncaceae",77571,N,burke-wa-flora
"Juncus filiformis","Juncaceae",164262,N,burke-wa-flora
"Juncus gerardi","Juncaceae",320881,N,burke-wa-flora
"Juncus hemiendytus","Juncaceae",77573,N,burke-wa-flora
"Juncus hesperius","Juncaceae",77574,N,burke-wa-flora
"Juncus howellii","Juncaceae",77575,N,burke-wa-flora
"Juncus interior","Juncaceae",77576,N,burke-wa-flora
"Juncus kelloggii","Juncaceae",64186,N,burke-wa-flora
"Juncus laccatus","Juncaceae",77577,N,burke-wa-flora
"Juncus longistylis","Juncaceae",71074,N,burke-wa-flora
"Juncus mertensianus","Juncaceae",77584,N,burke-wa-flora
"Juncus nevadensis","Juncaceae",77585,N,burke-wa-flora
"Juncus nodosus","Juncaceae",77586,N,burke-wa-flora
"Juncus occidentalis","Juncaceae",61826,N,burke-wa-flora
"Juncus orthophyllus","Juncaceae",77587,N,burke-wa-flora
"Juncus oxymeris","Juncaceae",77588,N,burke-wa-flora
"Juncus parryi","Juncaceae",77589,N,burke-wa-flora
"Juncus patens","Juncaceae",52798,N,burke-wa-flora
"Juncus regelii","Juncaceae",77591,N,burke-wa-flora
"Juncus saximontanus","Juncaceae",77593,N,burke-wa-flora
"Juncus supiniformis","Juncaceae",77594,N,burke-wa-flora
"Juncus tenuis","Juncaceae",69930,N,burke-wa-flora
"Juncus tiehmii","Juncaceae",77595,N,burke-wa-flora
"Juncus torreyi","Juncaceae",77596,N,burke-wa-flora
"Juncus trilocularis","Juncaceae",878149,N,burke-wa-flora
"Juncus tweedyi","Juncaceae",1541523,N,burke-wa-flora
"Juncus uncialis","Juncaceae",60262,N,burke-wa-flora
"Juncus vaseyi","Juncaceae",164292,N,burke-wa-flora
"Kalmia microphylla","Ericaceae",67810,N,burke-wa-flora
"Kalmia procumbens","Ericaceae",204337,N,burke-wa-flora
"Kelloggia galioides","Rubiaceae",77605,N,burke-wa-flora
"Koeleria macrantha","Poaceae",57183,N,burke-wa-flora
"Koeleria spicata","Poaceae",1538791,N,burke-wa-flora
"Kopsiopsis hookeri","Orobanchaceae",77611,N,burke-wa-flora
"Krascheninnikovia lanata","Amaranthaceae",52113,N,burke-wa-flora
"Lactuca biennis","Asteraceae",77616,N,burke-wa-flora
"Lactuca tatarica","Asteraceae",77617,N,burke-wa-flora
"Ladeania lanceolata","Fabaceae",77618,N,burke-wa-flora
"Lagophylla ramosissima","Asteraceae",56965,N,burke-wa-flora
"Lappula montana","Boraginaceae",1100125,N,burke-wa-flora
"Lappula occidentalis","Boraginaceae",148438,N,burke-wa-flora
"Lasthenia glaberrima","Asteraceae",60137,N,burke-wa-flora
"Lasthenia maritima","Asteraceae",64253,N,burke-wa-flora
"Lasthenia minor","Asteraceae",58002,N,burke-wa-flora
"Lathrocasis tenerrima","Polemoniaceae",77632,N,burke-wa-flora
"Lathyrus holochlorus","Fabaceae",164438,N,burke-wa-flora
"Lathyrus japonicus","Fabaceae",77638,N,burke-wa-flora
"Lathyrus lanszwertii","Fabaceae",77639,N,burke-wa-flora
"Lathyrus littoralis","Fabaceae",61005,N,burke-wa-flora
"Lathyrus nevadensis","Fabaceae",77640,N,burke-wa-flora
"Lathyrus ochroleucus","Fabaceae",164440,N,burke-wa-flora
"Lathyrus palustris","Fabaceae",77642,N,burke-wa-flora
"Lathyrus pauciflorus","Fabaceae",164441,N,burke-wa-flora
"Lathyrus polyphyllus","Fabaceae",77643,N,burke-wa-flora
"Lathyrus torreyi","Fabaceae",77647,N,burke-wa-flora
"Lathyrus vestitus","Fabaceae",50320,N,burke-wa-flora
"Layia glandulosa","Asteraceae",58003,N,burke-wa-flora
"Leersia oryzoides","Poaceae",64177,N,burke-wa-flora
"Lemna minor","Araceae",54518,N,burke-wa-flora
"Lemna minuta","Araceae",59076,N,burke-wa-flora
"Lemna trisulca","Araceae",77655,N,burke-wa-flora
"Lemna turionifera","Araceae",77656,N,burke-wa-flora
"Lepidium densiflorum","Brassicaceae",77666,N,burke-wa-flora
"Lepidium dictyotum","Brassicaceae",58080,N,burke-wa-flora
"Lepidium nitidum","Brassicaceae",47202,N,burke-wa-flora
"Lepidium oxycarpum","Brassicaceae",60155,N,burke-wa-flora
"Lepidium ramosissimum","Brassicaceae",77674,N,burke-wa-flora
"Lepidium virginicum","Brassicaceae",77676,N,burke-wa-flora
"Leptarrhena pyrolifolia","Saxifragaceae",128870,N,burke-wa-flora
"Leptosiphon bicolor","Polemoniaceae",64245,N,burke-wa-flora
"Leptosiphon bolanderi","Polemoniaceae",77682,N,burke-wa-flora
"Leptosiphon harknessii","Polemoniaceae",1491326,N,burke-wa-flora
"Leptosiphon liniflorus","Polemoniaceae",64244,N,burke-wa-flora
"Leptosiphon minimus","Polemoniaceae",77693,N,burke-wa-flora
"Leptosiphon nuttallii","Polemoniaceae",77696,N,burke-wa-flora
"Leptosiphon septentrionalis","Polemoniaceae",77702,N,burke-wa-flora
"Lewisia columbiana","Montiaceae",144056,N,burke-wa-flora
"Lewisia nevadensis","Montiaceae",77730,N,burke-wa-flora
"Lewisia pygmaea","Montiaceae",77732,N,burke-wa-flora
"Lewisia rediviva","Montiaceae",47360,N,burke-wa-flora
"Lewisia triphylla","Montiaceae",62363,N,burke-wa-flora
"Lewisiopsis tweedyi","Montiaceae",854075,N,burke-wa-flora
"Leymus cinereus","Poaceae",164672,N,burke-wa-flora
"Leymus condensatus","Poaceae",164673,N,burke-wa-flora
"Leymus flavescens","Poaceae",164674,N,burke-wa-flora
"Leymus mollis","Poaceae",61067,N,burke-wa-flora
"Leymus triticoides","Poaceae",57184,N,burke-wa-flora
"Ligusticum apiifolium","Apiaceae",59298,N,burke-wa-flora
"Ligusticum canbyi","Apiaceae",223654,N,burke-wa-flora
"Ligusticum grayi","Apiaceae",77738,N,burke-wa-flora
"Lilaeopsis occidentalis","Apiaceae",77742,N,burke-wa-flora
"Lilium columbianum","Liliaceae",77744,N,burke-wa-flora
"Limosella acaulis","Scrophulariaceae",61107,N,burke-wa-flora
"Limosella aquatica","Scrophulariaceae",59016,N,burke-wa-flora
"Linanthus pungens","Polemoniaceae",52148,N,burke-wa-flora
"Linaria canadensis","Plantaginaceae",287345,N,burke-wa-flora
"Linaria texana","Plantaginaceae",209238,N,burke-wa-flora
"Lindernia dubia","Linderniaceae",77779,N,burke-wa-flora
"Linnaea borealis","Linnaeaceae",77780,N,burke-wa-flora
"Linum digynum","Linaceae",1608110,N,burke-wa-flora
"Linum lewisii","Linaceae",60490,N,burke-wa-flora
"Liparis loeselii","Orchidaceae",131226,N,burke-wa-flora
"Lithophragma glabrum","Saxifragaceae",77789,N,burke-wa-flora
"Lithophragma parviflorum","Saxifragaceae",77791,N,burke-wa-flora
"Lithophragma tenellum","Saxifragaceae",77792,N,burke-wa-flora
"Lithospermum incisum","Boraginaceae",59924,N,burke-wa-flora
"Lithospermum ruderale","Boraginaceae",77795,N,burke-wa-flora
"Lobelia dortmanna","Campanulaceae",62352,N,burke-wa-flora
"Lobelia kalmii","Campanulaceae",118773,N,burke-wa-flora
"Loeflingia squarrosa","Caryophyllaceae",58105,N,burke-wa-flora
"Lomatium ambiguum","Apiaceae",164714,N,burke-wa-flora
"Lomatium anomalum","Apiaceae",1522272,N,burke-wa-flora
"Lomatium bicolor","Apiaceae",77801,N,burke-wa-flora
"Lomatium bradshawii","Apiaceae",164718,N,burke-wa-flora
"Lomatium brandegeei","Apiaceae",164719,N,burke-wa-flora
"Lomatium brevifolium","Apiaceae",1521903,N,burke-wa-flora
"Lomatium canbyi","Apiaceae",77802,N,burke-wa-flora
"Lomatium columbianum","Apiaceae",164720,N,burke-wa-flora
"Lomatium cous","Apiaceae",164723,N,burke-wa-flora
"Lomatium cuspidatum","Apiaceae",164725,Y,burke-wa-flora
"Lomatium dissectum","Apiaceae",77805,N,burke-wa-flora
"Lomatium farinosum","Apiaceae",164729,N,burke-wa-flora
"Lomatium geyeri","Apiaceae",164730,N,burke-wa-flora
"Lomatium gormanii","Apiaceae",164731,N,burke-wa-flora
"Lomatium grayi","Apiaceae",77808,N,burke-wa-flora
"Lomatium klickitatense","Apiaceae",1234068,N,burke-wa-flora
"Lomatium knokei","Apiaceae",851555,Y,burke-wa-flora
"Lomatium laevigatum","Apiaceae",164736,N,burke-wa-flora
"Lomatium linearifolium","Apiaceae",1236021,N,burke-wa-flora
"Lomatium lithosolamans","Apiaceae",1235247,Y,burke-wa-flora
"Lomatium macrocarpum","Apiaceae",56826,N,burke-wa-flora
"Lomatium martindalei","Apiaceae",77816,N,burke-wa-flora
"Lomatium multifidum","Apiaceae",1240407,N,burke-wa-flora
"Lomatium nudicaule","Apiaceae",77818,N,burke-wa-flora
"Lomatium papilioniferum","Apiaceae",1234070,N,burke-wa-flora
"Lomatium piperi","Apiaceae",77822,N,burke-wa-flora
"Lomatium quintuplex","Apiaceae",164746,Y,burke-wa-flora
"Lomatium rollinsii","Apiaceae",164747,N,burke-wa-flora
"Lomatium roneorum","Apiaceae",910740,Y,burke-wa-flora
"Lomatium salmoniflorum","Apiaceae",164749,N,burke-wa-flora
"Lomatium sandbergii","Apiaceae",164750,N,burke-wa-flora
"Lomatium serpentinum","Apiaceae",164752,N,burke-wa-flora
"Lomatium simplex","Apiaceae",128864,N,burke-wa-flora
"Lomatium suksdorfii","Apiaceae",164753,N,burke-wa-flora
"Lomatium tamanitchii","Apiaceae",164754,Y,burke-wa-flora
"Lomatium thompsonii","Apiaceae",164755,Y,burke-wa-flora
"Lomatium triternatum","Apiaceae",1521902,N,burke-wa-flora
"Lomatium tuberosum","Apiaceae",164756,Y,burke-wa-flora
"Lomatium utriculatum","Apiaceae",56827,N,burke-wa-flora
"Lomatium watsonii","Apiaceae",164757,N,burke-wa-flora
"Lonicera ciliosa","Caprifoliaceae",77832,N,burke-wa-flora
"Lonicera conjugialis","Caprifoliaceae",77833,N,burke-wa-flora
"Lonicera hispidula","Caprifoliaceae",53416,N,burke-wa-flora
"Lonicera involucrata","Caprifoliaceae",60881,N,burke-wa-flora
"Lonicera utahensis","Caprifoliaceae",148098,N,burke-wa-flora
"Ludwigia palustris","Onagraceae",60221,N,burke-wa-flora
"Luetkea pectinata","Rosaceae",77842,N,burke-wa-flora
"Luina hypoleuca","Asteraceae",77843,N,burke-wa-flora
"Lupinus albicaulis","Fabaceae",77847,N,burke-wa-flora
"Lupinus arbustus","Fabaceae",62690,N,burke-wa-flora
"Lupinus argenteus","Fabaceae",62691,N,burke-wa-flora
"Lupinus bicolor","Fabaceae",50614,N,burke-wa-flora
"Lupinus latifolius","Fabaceae",67379,N,burke-wa-flora
"Lupinus lepidus","Fabaceae",62689,N,burke-wa-flora
"Lupinus leucophyllus","Fabaceae",77871,N,burke-wa-flora
"Lupinus littoralis","Fabaceae",77872,N,burke-wa-flora
"Lupinus microcarpus","Fabaceae",57069,N,burke-wa-flora
"Lupinus oreganus","Fabaceae",164915,N,burke-wa-flora
"Lupinus pachylobus","Fabaceae",50613,N,burke-wa-flora
"Lupinus polyphyllus","Fabaceae",59549,N,burke-wa-flora
"Lupinus pusillus","Fabaceae",77886,N,burke-wa-flora
"Lupinus rivularis","Fabaceae",77887,N,burke-wa-flora
"Lupinus sabinianus","Fabaceae",164925,N,burke-wa-flora
"Lupinus saxosus","Fabaceae",77888,N,burke-wa-flora
"Lupinus sericeus","Fabaceae",164926,Y,burke-wa-flora
"Lupinus sulphureus","Fabaceae",164930,N,burke-wa-flora
"Luzula arcuata","Juncaceae",164942,N,burke-wa-flora
"Luzula cascadensis","Juncaceae",1102667,N,burke-wa-flora
"Luzula comosa","Juncaceae",57111,N,burke-wa-flora
"Luzula hitchcockii","Juncaceae",143686,N,burke-wa-flora
"Luzula macrantha","Juncaceae",890625,N,burke-wa-flora
"Luzula multiflora","Juncaceae",164948,N,burke-wa-flora
"Luzula parviflora","Juncaceae",77897,N,burke-wa-flora
"Luzula piperi","Juncaceae",77898,N,burke-wa-flora
"Luzula spicata","Juncaceae",77899,N,burke-wa-flora
"Luzula subsessilis","Juncaceae",77901,N,burke-wa-flora
"Lycopus americanus","Lamiaceae",60206,N,burke-wa-flora
"Lycopus asper","Lamiaceae",62651,N,burke-wa-flora
"Lycopus uniflorus","Lamiaceae",77915,N,burke-wa-flora
"Lygodesmia juncea","Asteraceae",148137,N,burke-wa-flora
"Lysichiton americanus","Araceae",48537,N,burke-wa-flora
"Lysimachia ciliata","Primulaceae",62441,N,burke-wa-flora
"Lysimachia europaea","Primulaceae",716947,N,burke-wa-flora
"Lysimachia latifolia","Primulaceae",496537,N,burke-wa-flora
"Lysimachia maritima","Primulaceae",204175,N,burke-wa-flora
"Lysimachia minima","Primulaceae",204353,N,burke-wa-flora
"Lysimachia thyrsiflora","Primulaceae",77917,N,burke-wa-flora
"Madia citriodora","Asteraceae",77922,N,burke-wa-flora
"Madia elegans","Asteraceae",56974,N,burke-wa-flora
"Madia exigua","Asteraceae",56971,N,burke-wa-flora
"Madia glomerata","Asteraceae",77923,N,burke-wa-flora
"Madia gracilis","Asteraceae",53135,N,burke-wa-flora
"Madia sativa","Asteraceae",53143,N,burke-wa-flora
"Maianthemum dilatatum","Asparagaceae",63939,N,burke-wa-flora
"Maianthemum racemosum","Asparagaceae",51062,N,burke-wa-flora
"Maianthemum stellatum","Asparagaceae",53268,N,burke-wa-flora
"Malaxis monophyllos","Orchidaceae",50724,N,burke-wa-flora
"Malus fusca","Rosaceae",77948,N,burke-wa-flora
"Malvella leprosa","Malvaceae",58203,N,burke-wa-flora
"Marah oregana","Cucurbitaceae",77960,N,burke-wa-flora
"Matricaria discoidea","Asteraceae",52992,N,burke-wa-flora
"Meconella oregana","Papaveraceae",77970,N,burke-wa-flora
"Melampyrum lineare","Orobanchaceae",62367,N,burke-wa-flora
"Melica aristata","Poaceae",77978,N,burke-wa-flora
"Melica bulbosa","Poaceae",77979,N,burke-wa-flora
"Melica fugax","Poaceae",77981,N,burke-wa-flora
"Melica harfordii","Poaceae",77983,N,burke-wa-flora
"Melica smithii","Poaceae",143698,N,burke-wa-flora
"Melica spectabilis","Poaceae",77984,N,burke-wa-flora
"Melica subulata","Poaceae",77986,N,burke-wa-flora
"Mentha canadensis","Lamiaceae",77991,N,burke-wa-flora
"Mentzelia albicaulis","Loasaceae",58195,N,burke-wa-flora
"Mentzelia dispersa","Loasaceae",58196,N,burke-wa-flora
"Mentzelia laevicaulis","Loasaceae",62308,N,burke-wa-flora
"Mentzelia montana","Loasaceae",78003,N,burke-wa-flora
"Menyanthes trifoliata","Menyanthaceae",78016,N,burke-wa-flora
"Mertensia brachycalyx","Boraginaceae",770371,N,burke-wa-flora
"Mertensia ciliata","Boraginaceae",78018,N,burke-wa-flora
"Mertensia longiflora","Boraginaceae",62585,N,burke-wa-flora
"Mertensia oblongifolia","Boraginaceae",78020,N,burke-wa-flora
"Mertensia paniculata","Boraginaceae",146900,N,burke-wa-flora
"Mertensia platyphylla","Boraginaceae",165351,Y,burke-wa-flora
"Mertensia umbratilis","Boraginaceae",165352,N,burke-wa-flora
"Micranthes apetala","Saxifragaceae",357927,N,burke-wa-flora
"Micranthes ferruginea","Saxifragaceae",78024,N,burke-wa-flora
"Micranthes fragosa","Saxifragaceae",78025,N,burke-wa-flora
"Micranthes gormanii","Saxifragaceae",357959,N,burke-wa-flora
"Micranthes idahoensis","Saxifragaceae",357956,N,burke-wa-flora
"Micranthes integrifolia","Saxifragaceae",78027,N,burke-wa-flora
"Micranthes lyallii","Saxifragaceae",357929,N,burke-wa-flora
"Micranthes nelsoniana","Saxifragaceae",357930,N,burke-wa-flora
"Micranthes nidifica","Saxifragaceae",78029,N,burke-wa-flora
"Micranthes occidentalis","Saxifragaceae",357953,N,burke-wa-flora
"Micranthes odontoloma","Saxifragaceae",78030,N,burke-wa-flora
"Micranthes oregana","Saxifragaceae",78031,N,burke-wa-flora
"Micranthes rufidula","Saxifragaceae",357949,N,burke-wa-flora
"Micranthes tischii","Saxifragaceae",357946,N,burke-wa-flora
"Micranthes tolmiei","Saxifragaceae",78032,N,burke-wa-flora
"Microgilia minutiflora","Polemoniaceae",844024,N,burke-wa-flora
"Micromonolepis pusilla","Amaranthaceae",78033,N,burke-wa-flora
"Micropus californicus","Asteraceae",56975,N,burke-wa-flora
"Microseris bigelovii","Asteraceae",60977,N,burke-wa-flora
"Microseris borealis","Asteraceae",78035,N,burke-wa-flora
"Microseris laciniata","Asteraceae",64236,N,burke-wa-flora
"Microseris nutans","Asteraceae",78036,N,burke-wa-flora
"Microsteris gracilis","Polemoniaceae",61210,N,burke-wa-flora
"Mimetanthe pilosa","Phrymaceae",165392,N,burke-wa-flora
"Mitella nuda","Saxifragaceae",144149,N,burke-wa-flora
"Mitellastra caulescens","Saxifragaceae",1424146,N,burke-wa-flora
"Moehringia lateriflora","Caryophyllaceae",165493,N,burke-wa-flora
"Moehringia macrophylla","Caryophyllaceae",61884,N,burke-wa-flora
"Mollugo verticillata","Molluginaceae",78090,N,burke-wa-flora
"Monarda fistulosa","Lamiaceae",85320,N,burke-wa-flora
"Monardella odoratissima","Lamiaceae",62678,N,burke-wa-flora
"Moneses uniflora","Ericaceae",60376,N,burke-wa-flora
"Monotropa hypopitys","Ericaceae",59986,N,burke-wa-flora
"Monotropa uniflora","Ericaceae",49477,N,burke-wa-flora
"Montia chamissoi","Montiaceae",48789,N,burke-wa-flora
"Montia dichotoma","Montiaceae",78119,N,burke-wa-flora
"Montia diffusa","Montiaceae",78120,N,burke-wa-flora
"Montia fontana","Montiaceae",58990,N,burke-wa-flora
"Montia howellii","Montiaceae",78121,N,burke-wa-flora
"Montia linearis","Montiaceae",78122,N,burke-wa-flora
"Montia parvifolia","Montiaceae",78123,N,burke-wa-flora
"Morella californica","Myricaceae",61039,N,burke-wa-flora
"Muhlenbergia andina","Poaceae",78129,N,burke-wa-flora
"Muhlenbergia asperifolia","Poaceae",78132,N,burke-wa-flora
"Muhlenbergia filiformis","Poaceae",78134,N,burke-wa-flora
"Muhlenbergia glomerata","Poaceae",165557,N,burke-wa-flora
"Muhlenbergia mexicana","Poaceae",78137,N,burke-wa-flora
"Muhlenbergia minutissima","Poaceae",78139,N,burke-wa-flora
"Muhlenbergia racemosa","Poaceae",165567,N,burke-wa-flora
"Muhlenbergia richardsonis","Poaceae",78143,N,burke-wa-flora
"Myosotis laxa","Boraginaceae",78150,N,burke-wa-flora
"Myosotis verna","Boraginaceae",63920,N,burke-wa-flora
"Myosurus apetalus","Ranunculaceae",78152,N,burke-wa-flora
"Myosurus minimus","Ranunculaceae",58306,N,burke-wa-flora
"Myosurus sessilis","Ranunculaceae",60235,N,burke-wa-flora
"Myrica gale","Myricaceae",82203,N,burke-wa-flora
"Myriophyllum hippuroides","Haloragaceae",78155,N,burke-wa-flora
"Myriophyllum pinnatum","Haloragaceae",165606,N,burke-wa-flora
"Myriophyllum quitense","Haloragaceae",78156,N,burke-wa-flora
"Myriophyllum sibiricum","Haloragaceae",61034,N,burke-wa-flora
"Myriophyllum ussuriense","Haloragaceae",165608,N,burke-wa-flora
"Myriophyllum verticillatum","Haloragaceae",78158,N,burke-wa-flora
"Najas canadensis","Hydrocharitaceae",1303961,N,burke-wa-flora
"Najas flexilis","Hydrocharitaceae",1646522,N,burke-wa-flora
"Najas guadalupensis","Hydrocharitaceae",78163,N,burke-wa-flora
"Nama densa","Namaceae",703184,N,burke-wa-flora
"Nassella viridula","Poaceae",165661,N,burke-wa-flora
"Navarretia breweri","Polemoniaceae",78175,N,burke-wa-flora
"Navarretia divaricata","Polemoniaceae",52941,N,burke-wa-flora
"Navarretia intertexta","Polemoniaceae",60225,N,burke-wa-flora
"Navarretia leucocephala","Polemoniaceae",60227,Y,burke-wa-flora
"Navarretia linearifolia","Polemoniaceae",843637,N,burke-wa-flora
"Navarretia sinistra","Polemoniaceae",78193,N,burke-wa-flora
"Navarretia squarrosa","Polemoniaceae",53157,N,burke-wa-flora
"Navarretia tagetina","Polemoniaceae",60226,N,burke-wa-flora
"Nemophila breviflora","Hydrophyllaceae",78212,N,burke-wa-flora
"Nemophila kirtleyi","Hydrophyllaceae",165673,N,burke-wa-flora
"Nemophila parviflora","Hydrophyllaceae",57353,N,burke-wa-flora
"Nemophila pedunculata","Hydrophyllaceae",55461,N,burke-wa-flora
"Neoholmgrenia andina","Onagraceae",78215,N,burke-wa-flora
"Neoholmgrenia hilgardii","Onagraceae",878066,Y,burke-wa-flora
"Neottia banksiana","Orchidaceae",131227,N,burke-wa-flora
"Neottia borealis","Orchidaceae",131228,N,burke-wa-flora
"Neottia convallarioides","Orchidaceae",131229,N,burke-wa-flora
"Neottia cordata","Orchidaceae",204364,N,burke-wa-flora
"Nephrophyllidium crista-galli","Menyanthaceae",340457,N,burke-wa-flora
"Nestotus stenophyllus","Asteraceae",78216,N,burke-wa-flora
"Nicotiana attenuata","Solanaceae",59034,N,burke-wa-flora
"Noccaea fendleri","Brassicaceae",78224,N,burke-wa-flora
"Nothocalais alpestris","Asteraceae",78229,N,burke-wa-flora
"Nothocalais troximoides","Asteraceae",78230,N,burke-wa-flora
"Nothochelone nemorosa","Plantaginaceae",78231,N,burke-wa-flora
"Nuphar polysepala","Nymphaeaceae",78234,N,burke-wa-flora
"Nymphaea tetragona","Nymphaeaceae",165756,N,burke-wa-flora
"Oemleria cerasiformis","Rosaceae",53419,N,burke-wa-flora
"Oenanthe sarmentosa","Apiaceae",60127,N,burke-wa-flora
"Oenothera cespitosa","Onagraceae",78240,N,burke-wa-flora
"Oenothera elata","Onagraceae",51813,N,burke-wa-flora
"Oenothera flava","Onagraceae",78242,N,burke-wa-flora
"Oenothera pallida","Onagraceae",126663,N,burke-wa-flora
"Oenothera suffrutescens","Onagraceae",78250,N,burke-wa-flora
"Olsynium douglasii","Iridaceae",78257,N,burke-wa-flora
"Oplopanax horridus","Araliaceae",83914,N,burke-wa-flora
"Opuntia fragilis","Cactaceae",62474,N,burke-wa-flora
"Oreocarya glomerata","Boraginaceae",770855,N,burke-wa-flora
"Oreocarya leucophaea","Boraginaceae",770864,Y,burke-wa-flora
"Oreocarya spiculifera","Boraginaceae",770883,N,burke-wa-flora
"Oreocarya thompsonii","Boraginaceae",770888,Y,burke-wa-flora
"Oreostemma alpigenum","Asteraceae",78280,N,burke-wa-flora
"Orthilia secunda","Ericaceae",78288,N,burke-wa-flora
"Orthocarpus barbatus","Orobanchaceae",165931,N,burke-wa-flora
"Orthocarpus bracteosus","Orobanchaceae",78289,N,burke-wa-flora
"Orthocarpus imbricatus","Orobanchaceae",60483,N,burke-wa-flora
"Orthocarpus luteus","Orobanchaceae",78290,N,burke-wa-flora
"Orthocarpus tenuifolius","Orobanchaceae",165932,N,burke-wa-flora
"Oryzopsis asperifolia","Poaceae",129483,N,burke-wa-flora
"Osmorhiza berteroi","Apiaceae",53166,N,burke-wa-flora
"Osmorhiza depauperata","Apiaceae",78294,N,burke-wa-flora
"Osmorhiza occidentalis","Apiaceae",78295,N,burke-wa-flora
"Osmorhiza purpurea","Apiaceae",78296,N,burke-wa-flora
"Oxalis oregana","Oxalidaceae",47757,N,burke-wa-flora
"Oxalis suksdorfii","Oxalidaceae",78302,N,burke-wa-flora
"Oxalis trilliifolia","Oxalidaceae",78303,N,burke-wa-flora
"Oxybasis chenopodioides","Amaranthaceae",896905,N,burke-wa-flora
"Oxybasis glauca","Amaranthaceae",931646,N,burke-wa-flora
"Oxybasis rubra","Amaranthaceae",931679,N,burke-wa-flora
"Oxyria digyna","Polygonaceae",67591,N,burke-wa-flora
"Oxytheca dendroidea","Polygonaceae",78306,N,burke-wa-flora
"Oxytropis borealis","Fabaceae",78309,N,burke-wa-flora
"Oxytropis campestris","Fabaceae",154238,Y,burke-wa-flora
"Oxytropis deflexa","Fabaceae",78310,N,burke-wa-flora
"Ozomelis diversifolia","Saxifragaceae",1424151,N,burke-wa-flora
"Ozomelis stauropetala","Saxifragaceae",1424150,N,burke-wa-flora
"Ozomelis trifida","Saxifragaceae",1424149,N,burke-wa-flora
"Packera bolanderi","Asteraceae",78316,N,burke-wa-flora
"Packera cana","Asteraceae",78317,N,burke-wa-flora
"Packera contermina","Asteraceae",166029,N,burke-wa-flora
"Packera flettii","Asteraceae",166036,N,burke-wa-flora
"Packera indecora","Asteraceae",78322,N,burke-wa-flora
"Packera macounii","Asteraceae",78325,N,burke-wa-flora
"Packera pauciflora","Asteraceae",78327,N,burke-wa-flora
"Packera paupercula","Asteraceae",127945,N,burke-wa-flora
"Packera porteri","Asteraceae",166047,N,burke-wa-flora
"Packera pseudaurea","Asteraceae",78328,N,burke-wa-flora
"Packera streptanthifolia","Asteraceae",78329,N,burke-wa-flora
"Packera subnuda","Asteraceae",78330,N,burke-wa-flora
"Paeonia brownii","Paeoniaceae",78332,N,burke-wa-flora
"Panicum capillare","Poaceae",78337,N,burke-wa-flora
"Panicum virgatum","Poaceae",125727,N,burke-wa-flora
"Parietaria pensylvanica","Urticaceae",78348,N,burke-wa-flora
"Parnassia cirrata","Celastraceae",78350,N,burke-wa-flora
"Parnassia fimbriata","Celastraceae",78351,N,burke-wa-flora
"Parnassia kotzebuei","Celastraceae",144150,N,burke-wa-flora
"Parnassia palustris","Celastraceae",78352,N,burke-wa-flora
"Parnassia parviflora","Celastraceae",78353,N,burke-wa-flora
"Paspalum distichum","Poaceae",60297,N,burke-wa-flora
"Paxistima myrsinites","Celastraceae",63893,N,burke-wa-flora
"Pectiantia pentandra","Saxifragaceae",1424153,N,burke-wa-flora
"Pectocarya penicillata","Boraginaceae",58059,N,burke-wa-flora
"Pectocarya pusilla","Boraginaceae",57694,N,burke-wa-flora
"Pectocarya setosa","Boraginaceae",58061,N,burke-wa-flora
"Pedicularis bracteosa","Orobanchaceae",78367,N,burke-wa-flora
"Pedicularis contorta","Orobanchaceae",78368,N,burke-wa-flora
"Pedicularis groenlandica","Orobanchaceae",59780,N,burke-wa-flora
"Pedicularis ornithorhynchos","Orobanchaceae",48986,N,burke-wa-flora
"Pedicularis pulchella","Orobanchaceae",166251,N,burke-wa-flora
"Pedicularis racemosa","Orobanchaceae",78372,N,burke-wa-flora
"Pedicularis rainierensis","Orobanchaceae",146989,Y,burke-wa-flora
"Pediocactus nigrispinus","Cactaceae",166258,N,burke-wa-flora
"Penstemon acuminatus","Plantaginaceae",166316,N,burke-wa-flora
"Penstemon attenuatus","Plantaginaceae",83937,N,burke-wa-flora
"Penstemon barrettiae","Plantaginaceae",166329,N,burke-wa-flora
"Penstemon cardwellii","Plantaginaceae",143868,N,burke-wa-flora
"Penstemon confertus","Plantaginaceae",119121,N,burke-wa-flora
"Penstemon davidsonii","Plantaginaceae",78399,N,burke-wa-flora
"Penstemon deustus","Plantaginaceae",68587,N,burke-wa-flora
"Penstemon ellipticus","Plantaginaceae",166356,N,burke-wa-flora
"Penstemon eriantherus","Plantaginaceae",166357,Y,burke-wa-flora
"Penstemon euglaucus","Plantaginaceae",166358,N,burke-wa-flora
"Penstemon fruticosus","Plantaginaceae",144305,N,burke-wa-flora
"Penstemon gairdneri","Plantaginaceae",166364,N,burke-wa-flora
"Penstemon glandulosus","Plantaginaceae",166367,N,burke-wa-flora
"Penstemon hesperius","Plantaginaceae",1045020,N,burke-wa-flora
"Penstemon lyallii","Plantaginaceae",166394,N,burke-wa-flora
"Penstemon ovatus","Plantaginaceae",83938,N,burke-wa-flora
"Penstemon pennellianus","Plantaginaceae",166419,N,burke-wa-flora
"Penstemon procerus","Plantaginaceae",78414,N,burke-wa-flora
"Penstemon pruinosus","Plantaginaceae",128205,N,burke-wa-flora
"Penstemon richardsonii","Plantaginaceae",166432,N,burke-wa-flora
"Penstemon rupicola","Plantaginaceae",78419,N,burke-wa-flora
"Penstemon rydbergii","Plantaginaceae",78420,N,burke-wa-flora
"Penstemon serrulatus","Plantaginaceae",143674,N,burke-wa-flora
"Penstemon speciosus","Plantaginaceae",78422,N,burke-wa-flora
"Penstemon subserratus","Plantaginaceae",166446,N,burke-wa-flora
"Penstemon triphyllus","Plantaginaceae",166454,N,burke-wa-flora
"Penstemon venustus","Plantaginaceae",78427,N,burke-wa-flora
"Penstemon washingtonensis","Plantaginaceae",166461,Y,burke-wa-flora
"Penstemon wilcoxii","Plantaginaceae",166463,N,burke-wa-flora
"Perideridia oregana","Apiaceae",78438,N,burke-wa-flora
"Persicaria amphibia","Polygonaceae",78450,N,burke-wa-flora
"Persicaria hydropiperoides","Polygonaceae",78453,N,burke-wa-flora
"Persicaria lapathifolia","Polygonaceae",63886,N,burke-wa-flora
"Persicaria punctata","Polygonaceae",78456,N,burke-wa-flora
"Petasites frigidus","Asteraceae",55780,N,burke-wa-flora
"Petrophytum caespitosum","Rosaceae",78463,N,burke-wa-flora
"Petrophytum cinerascens","Rosaceae",193849,Y,burke-wa-flora
"Petrophytum hendersonii","Rosaceae",193848,Y,burke-wa-flora
"Phacelia bolanderi","Hydrophyllaceae",78473,N,burke-wa-flora
"Phacelia franklinii","Hydrophyllaceae",166573,N,burke-wa-flora
"Phacelia glandulifera","Hydrophyllaceae",78484,N,burke-wa-flora
"Phacelia hastata","Hydrophyllaceae",59982,N,burke-wa-flora
"Phacelia humilis","Hydrophyllaceae",78490,N,burke-wa-flora
"Phacelia lenta","Hydrophyllaceae",166589,Y,burke-wa-flora
"Phacelia linearis","Hydrophyllaceae",78499,N,burke-wa-flora
"Phacelia minutissima","Hydrophyllaceae",166595,N,burke-wa-flora
"Phacelia nemoralis","Hydrophyllaceae",53173,N,burke-wa-flora
"Phacelia procera","Hydrophyllaceae",78518,N,burke-wa-flora
"Phacelia ramosissima","Hydrophyllaceae",50617,N,burke-wa-flora
"Phacelia sericea","Hydrophyllaceae",78524,N,burke-wa-flora
"Phacelia tetramera","Hydrophyllaceae",78527,N,burke-wa-flora
"Phemeranthus sediformis","Montiaceae",506730,N,burke-wa-flora
"Phemeranthus spinescens","Montiaceae",338816,N,burke-wa-flora
"Philadelphus lewisii","Hydrangeaceae",62223,N,burke-wa-flora
"Phleum alpinum","Poaceae",78540,N,burke-wa-flora
"Phlox caespitosa","Polemoniaceae",78543,N,burke-wa-flora
"Phlox colubrina","Polemoniaceae",166693,N,burke-wa-flora
"Phlox diffusa","Polemoniaceae",78544,N,burke-wa-flora
"Phlox hendersonii","Polemoniaceae",166701,N,burke-wa-flora
"Phlox hoodii","Polemoniaceae",78548,N,burke-wa-flora
"Phlox longifolia","Polemoniaceae",166706,N,burke-wa-flora
"Phlox mollis","Polemoniaceae",166711,N,burke-wa-flora
"Phlox multiflora","Polemoniaceae",166712,N,burke-wa-flora
"Phlox solivaga","Polemoniaceae",847054,Y,burke-wa-flora
"Phlox speciosa","Polemoniaceae",78551,N,burke-wa-flora
"Phlox viscida","Polemoniaceae",166727,N,burke-wa-flora
"Phoenicaulis cheiranthoides","Brassicaceae",78553,N,burke-wa-flora
"Phragmites australis","Poaceae",64237,N,burke-wa-flora
"Phyllodoce empetriformis","Ericaceae",78560,N,burke-wa-flora
"Phyllodoce glanduliflora","Ericaceae",126558,N,burke-wa-flora
"Phyllospadix scouleri","Zosteraceae",78561,N,burke-wa-flora
"Phyllospadix serrulatus","Zosteraceae",166761,N,burke-wa-flora
"Phyllospadix torreyi","Zosteraceae",78562,N,burke-wa-flora
"Physaria alpestris","Brassicaceae",166815,Y,burke-wa-flora
"Physaria didymocarpa","Brassicaceae",166822,N,burke-wa-flora
"Physaria douglasii","Brassicaceae",166824,Y,burke-wa-flora
"Physaria geyeri","Brassicaceae",166828,N,burke-wa-flora
"Physaria occidentalis","Brassicaceae",78576,N,burke-wa-flora
"Physaria oregona","Brassicaceae",166835,N,burke-wa-flora
"Physocarpus capitatus","Rosaceae",57249,N,burke-wa-flora
"Physocarpus malvaceus","Rosaceae",166852,N,burke-wa-flora
"Physostegia parviflora","Lamiaceae",166860,N,burke-wa-flora
"Pinguicula vulgaris","Lentibulariaceae",121266,N,burke-wa-flora
"Piptatheropsis exigua","Poaceae",505600,N,burke-wa-flora
"Pityopus californicus","Ericaceae",78593,N,burke-wa-flora
"Plagiobothrys figuratus","Boraginaceae",166947,N,burke-wa-flora
"Plagiobothrys leptocladus","Boraginaceae",58065,N,burke-wa-flora
"Plagiobothrys nothofulvus","Boraginaceae",56990,N,burke-wa-flora
"Plagiobothrys scouleri","Boraginaceae",166953,N,burke-wa-flora
"Plagiobothrys tenellus","Boraginaceae",58066,N,burke-wa-flora
"Plantago elongata","Plantaginaceae",58229,N,burke-wa-flora
"Plantago macrocarpa","Plantaginaceae",167006,N,burke-wa-flora
"Plantago maritima","Plantaginaceae",68543,N,burke-wa-flora
"Plantago patagonica","Plantaginaceae",78618,N,burke-wa-flora
"Plantago subnuda","Plantaginaceae",60223,N,burke-wa-flora
"Platanthera aquilonis","Orchidaceae",131230,N,burke-wa-flora
"Platanthera chorisiana","Orchidaceae",135200,N,burke-wa-flora
"Platanthera dilatata","Orchidaceae",78623,N,burke-wa-flora
"Platanthera elegans","Orchidaceae",840641,N,burke-wa-flora
"Platanthera elongata","Orchidaceae",551466,N,burke-wa-flora
"Platanthera ephemerantha","Orchidaceae",473217,N,burke-wa-flora
"Platanthera huronensis","Orchidaceae",131222,N,burke-wa-flora
"Platanthera obtusata","Orchidaceae",131221,N,burke-wa-flora
"Platanthera orbiculata","Orchidaceae",131218,N,burke-wa-flora
"Platanthera sparsiflora","Orchidaceae",50738,N,burke-wa-flora
"Platanthera stricta","Orchidaceae",50739,N,burke-wa-flora
"Platanthera transversa","Orchidaceae",355392,N,burke-wa-flora
"Platanthera unalascensis","Orchidaceae",840638,N,burke-wa-flora
"Plectritis ciliosa","Valerianaceae",57284,N,burke-wa-flora
"Plectritis congesta","Valerianaceae",57786,N,burke-wa-flora
"Plectritis macrocera","Valerianaceae",57287,N,burke-wa-flora
"Pleuricospora fimbriolata","Ericaceae",62467,N,burke-wa-flora
"Pleuropogon refractus","Poaceae",78629,N,burke-wa-flora
"Poa alpina","Poaceae",167076,N,burke-wa-flora
"Poa arctica","Poaceae",167078,N,burke-wa-flora
"Poa bolanderi","Poaceae",78635,N,burke-wa-flora
"Poa confinis","Poaceae",78637,N,burke-wa-flora
"Poa curtifolia","Poaceae",167085,Y,burke-wa-flora
"Poa cusickii","Poaceae",78638,N,burke-wa-flora
"Poa fendleriana","Poaceae",78640,N,burke-wa-flora
"Poa glauca","Poaceae",78641,N,burke-wa-flora
"Poa howellii","Poaceae",52812,N,burke-wa-flora
"Poa interior","Poaceae",167090,N,burke-wa-flora
"Poa laxiflora","Poaceae",167092,N,burke-wa-flora
"Poa leibergii","Poaceae",167093,N,burke-wa-flora
"Poa leptocoma","Poaceae",78645,N,burke-wa-flora
"Poa lettermanii","Poaceae",78646,N,burke-wa-flora
"Poa macrantha","Poaceae",78647,N,burke-wa-flora
"Poa marcida","Poaceae",167097,N,burke-wa-flora
"Poa nervosa","Poaceae",154141,N,burke-wa-flora
"Poa paucispicula","Poaceae",1046693,N,burke-wa-flora
"Poa pratensis","Poaceae",60307,N,burke-wa-flora
"Poa secunda","Poaceae",57198,N,burke-wa-flora
"Poa stenantha","Poaceae",143699,N,burke-wa-flora
"Poa suksdorfii","Poaceae",167107,N,burke-wa-flora
"Poa unilateralis","Poaceae",61070,N,burke-wa-flora
"Poa wheeleri","Poaceae",78658,N,burke-wa-flora
"Podagrostis aequivalvis","Poaceae",1632128,N,burke-wa-flora
"Podagrostis humilis","Poaceae",1586225,N,burke-wa-flora
"Podagrostis thurberiana","Poaceae",1586224,N,burke-wa-flora
"Polanisia dodecandra","Cleomaceae",78664,N,burke-wa-flora
"Polemonium californicum","Polemoniaceae",67525,N,burke-wa-flora
"Polemonium carneum","Polemoniaceae",78665,N,burke-wa-flora
"Polemonium elegans","Polemoniaceae",167160,N,burke-wa-flora
"Polemonium micranthum","Polemoniaceae",62583,N,burke-wa-flora
"Polemonium occidentale","Polemoniaceae",78667,N,burke-wa-flora
"Polemonium pectinatum","Polemoniaceae",167164,Y,burke-wa-flora
"Polemonium pulcherrimum","Polemoniaceae",78668,N,burke-wa-flora
"Polemonium viscosum","Polemoniaceae",126220,N,burke-wa-flora
"Polyctenium fremontii","Brassicaceae",78670,N,burke-wa-flora
"Polygonum achoreum","Polygonaceae",167223,N,burke-wa-flora
"Polygonum austiniae","Polygonaceae",78677,N,burke-wa-flora
"Polygonum californicum","Polygonaceae",78681,N,burke-wa-flora
"Polygonum douglasii","Polygonaceae",78682,N,burke-wa-flora
"Polygonum erectum","Polygonaceae",167240,N,burke-wa-flora
"Polygonum fowleri","Polygonaceae",78683,N,burke-wa-flora
"Polygonum majus","Polygonaceae",78685,N,burke-wa-flora
"Polygonum minimum","Polygonaceae",78686,N,burke-wa-flora
"Polygonum nuttallii","Polygonaceae",1413102,N,burke-wa-flora
"Polygonum paronychia","Polygonaceae",60734,N,burke-wa-flora
"Polygonum parryi","Polygonaceae",78687,N,burke-wa-flora
"Polygonum polygaloides","Polygonaceae",78688,N,burke-wa-flora
"Polygonum ramosissimum","Polygonaceae",78689,N,burke-wa-flora
"Polygonum sawatchense","Polygonaceae",78690,N,burke-wa-flora
"Polygonum spergulariiforme","Polygonaceae",78692,N,burke-wa-flora
"Populus angustifolia","Salicaceae",52130,N,burke-wa-flora
"Populus tremuloides","Salicaceae",54840,N,burke-wa-flora
"Populus trichocarpa","Salicaceae",78699,N,burke-wa-flora
"Potamogeton alpinus","Potamogetonaceae",78704,N,burke-wa-flora
"Potamogeton amplifolius","Potamogetonaceae",78705,N,burke-wa-flora
"Potamogeton berchtoldii","Potamogetonaceae",78706,N,burke-wa-flora
"Potamogeton epihydrus","Potamogetonaceae",78709,N,burke-wa-flora
"Potamogeton foliosus","Potamogetonaceae",59107,N,burke-wa-flora
"Potamogeton friesii","Potamogetonaceae",167322,N,burke-wa-flora
"Potamogeton gramineus","Potamogetonaceae",78710,N,burke-wa-flora
"Potamogeton illinoensis","Potamogetonaceae",78711,N,burke-wa-flora
"Potamogeton natans","Potamogetonaceae",78712,N,burke-wa-flora
"Potamogeton nodosus","Potamogetonaceae",59108,N,burke-wa-flora
"Potamogeton obtusifolius","Potamogetonaceae",167326,N,burke-wa-flora
"Potamogeton praelongus","Potamogetonaceae",78713,N,burke-wa-flora
"Potamogeton pusillus","Potamogetonaceae",78714,N,burke-wa-flora
"Potamogeton richardsonii","Potamogetonaceae",78715,N,burke-wa-flora
"Potamogeton robbinsii","Potamogetonaceae",78716,N,burke-wa-flora
"Potamogeton strictifolius","Potamogetonaceae",167331,N,burke-wa-flora
"Potamogeton zosteriformis","Potamogetonaceae",78717,N,burke-wa-flora
"Potentilla biennis","Rosaceae",78720,N,burke-wa-flora
"Potentilla breweri","Rosaceae",78721,N,burke-wa-flora
"Potentilla drummondii","Rosaceae",78725,N,burke-wa-flora
"Potentilla flabellifolia","Rosaceae",78726,N,burke-wa-flora
"Potentilla glaucophylla","Rosaceae",78727,N,burke-wa-flora
"Potentilla gracilis","Rosaceae",78728,N,burke-wa-flora
"Potentilla hyparctica","Rosaceae",167357,N,burke-wa-flora
"Potentilla jepsonii","Rosaceae",78731,N,burke-wa-flora
"Potentilla newberryi","Rosaceae",78735,N,burke-wa-flora
"Potentilla nivea","Rosaceae",167366,N,burke-wa-flora
"Potentilla norvegica","Rosaceae",55732,N,burke-wa-flora
"Potentilla pensylvanica","Rosaceae",78736,N,burke-wa-flora
"Potentilla rivalis","Rosaceae",78740,N,burke-wa-flora
"Potentilla supina","Rosaceae",361653,N,burke-wa-flora
"Potentilla villosa","Rosaceae",167389,N,burke-wa-flora
"Primula austrofrigida","Primulaceae",549938,N,burke-wa-flora
"Primula conjugens","Primulaceae",549934,N,burke-wa-flora
"Primula hendersonii","Primulaceae",487175,N,burke-wa-flora
"Primula jeffreyi","Primulaceae",498114,N,burke-wa-flora
"Primula latiloba","Primulaceae",549984,N,burke-wa-flora
"Primula pauciflora","Primulaceae",498086,N,burke-wa-flora
"Primula poetica","Primulaceae",549929,N,burke-wa-flora
"Primula tetrandra","Primulaceae",499563,N,burke-wa-flora
"Prosartes hookeri","Liliaceae",51071,N,burke-wa-flora
"Prosartes smithii","Liliaceae",57506,N,burke-wa-flora
"Prosartes trachycarpa","Liliaceae",68917,N,burke-wa-flora
"Prunella vulgaris","Lamiaceae",52764,N,burke-wa-flora
"Prunus americana","Rosaceae",48629,N,burke-wa-flora
"Prunus emarginata","Rosaceae",63905,N,burke-wa-flora
"Prunus virginiana","Rosaceae",54835,N,burke-wa-flora
"Pseudognaphalium californicum","Asteraceae",53077,N,burke-wa-flora
"Pseudognaphalium macounii","Asteraceae",78762,N,burke-wa-flora
"Pseudognaphalium stramineum","Asteraceae",53089,N,burke-wa-flora
"Pseudognaphalium thermale","Asteraceae",78765,N,burke-wa-flora
"Pseudoroegneria spicata","Poaceae",167507,N,burke-wa-flora
"Pseudostellaria jamesiana","Caryophyllaceae",78767,N,burke-wa-flora
"Psilocarphus brevissimus","Asteraceae",56980,N,burke-wa-flora
"Psilocarphus elatior","Asteraceae",78770,N,burke-wa-flora
"Psilocarphus oregonus","Asteraceae",60149,N,burke-wa-flora
"Psilocarphus tenellus","Asteraceae",53188,N,burke-wa-flora
"Pterospora andromedea","Ericaceae",52118,N,burke-wa-flora
"Puccinellia lemmonii","Poaceae",78782,N,burke-wa-flora
"Puccinellia nutkaensis","Poaceae",78783,N,burke-wa-flora
"Puccinellia nuttalliana","Poaceae",60309,N,burke-wa-flora
"Puccinellia pumila","Poaceae",78785,N,burke-wa-flora
"Pulsatilla nuttalliana","Ranunculaceae",881504,N,burke-wa-flora
"Pulsatilla occidentalis","Ranunculaceae",60482,N,burke-wa-flora
"Purshia tridentata","Rosaceae",67804,N,burke-wa-flora
"Pyrola aphylla","Ericaceae",630966,N,burke-wa-flora
"Pyrola asarifolia","Ericaceae",78793,N,burke-wa-flora
"Pyrola chlorantha","Ericaceae",63802,N,burke-wa-flora
"Pyrola dentata","Ericaceae",707672,N,burke-wa-flora
"Pyrola elliptica","Ericaceae",82515,N,burke-wa-flora
"Pyrola minor","Ericaceae",78794,N,burke-wa-flora
"Pyrola picta","Ericaceae",62239,N,burke-wa-flora
"Pyrrocoma carthamoides","Asteraceae",1673581,N,burke-wa-flora
"Pyrrocoma hirta","Asteraceae",78797,N,burke-wa-flora
"Pyrrocoma liatriformis","Asteraceae",167628,N,burke-wa-flora
"Pyrrocoma scaberula","Asteraceae",505603,N,burke-wa-flora
"Quercus garryana","Fagaceae",68632,N,burke-wa-flora
"Rainiera stricta","Asteraceae",167712,N,burke-wa-flora
"Ranunculus abortivus","Ranunculaceae",126371,N,burke-wa-flora
"Ranunculus alismifolius","Ranunculaceae",78815,N,burke-wa-flora
"Ranunculus aquatilis","Ranunculaceae",78817,N,burke-wa-flora
"Ranunculus californicus","Ranunculaceae",52173,N,burke-wa-flora
"Ranunculus cardiophyllus","Ranunculaceae",167718,N,burke-wa-flora
"Ranunculus eschscholtzii","Ranunculaceae",78822,N,burke-wa-flora
"Ranunculus flabellaris","Ranunculaceae",78823,N,burke-wa-flora
"Ranunculus flammula","Ranunculaceae",67826,N,burke-wa-flora
"Ranunculus glaberrimus","Ranunculaceae",78824,N,burke-wa-flora
"Ranunculus gmelinii","Ranunculaceae",167724,N,burke-wa-flora
"Ranunculus grayi","Ranunculaceae",167725,N,burke-wa-flora
"Ranunculus hebecarpus","Ranunculaceae",57239,N,burke-wa-flora
"Ranunculus inamoenus","Ranunculaceae",167731,N,burke-wa-flora
"Ranunculus macounii","Ranunculaceae",78828,N,burke-wa-flora
"Ranunculus occidentalis","Ranunculaceae",68057,N,burke-wa-flora
"Ranunculus orthorhynchus","Ranunculaceae",67827,N,burke-wa-flora
"Ranunculus pensylvanicus","Ranunculaceae",167747,N,burke-wa-flora
"Ranunculus populago","Ranunculaceae",78830,N,burke-wa-flora
"Ranunculus pygmaeus","Ranunculaceae",167751,N,burke-wa-flora
"Ranunculus sceleratus","Ranunculaceae",59301,N,burke-wa-flora
"Ranunculus triternatus","Ranunculaceae",505604,N,burke-wa-flora
"Ranunculus uncinatus","Ranunculaceae",63898,N,burke-wa-flora
"Rhamnus alnifolia","Rhamnaceae",78843,N,burke-wa-flora
"Rhinanthus minor","Orobanchaceae",61470,N,burke-wa-flora
"Rhodiola integrifolia","Crassulaceae",78846,N,burke-wa-flora
"Rhododendron albiflorum","Ericaceae",126556,N,burke-wa-flora
"Rhododendron columbianum","Ericaceae",78847,N,burke-wa-flora
"Rhododendron groenlandicum","Ericaceae",180413,N,burke-wa-flora
"Rhododendron macrophyllum","Ericaceae",57360,N,burke-wa-flora
"Rhododendron menziesii","Ericaceae",553849,N,burke-wa-flora
"Rhododendron neoglandulosum","Ericaceae",81534,N,burke-wa-flora
"Rhus glabra","Anacardiaceae",54764,N,burke-wa-flora
"Rhynchospora alba","Cyperaceae",57862,N,burke-wa-flora
"Ribes acerifolium","Grossulariaceae",81762,N,burke-wa-flora
"Ribes aureum","Grossulariaceae",55544,N,burke-wa-flora
"Ribes bracteosum","Grossulariaceae",78852,N,burke-wa-flora
"Ribes cereum","Grossulariaceae",78854,N,burke-wa-flora
"Ribes divaricatum","Grossulariaceae",53448,N,burke-wa-flora
"Ribes hudsonianum","Grossulariaceae",78855,N,burke-wa-flora
"Ribes inerme","Grossulariaceae",78857,N,burke-wa-flora
"Ribes lacustre","Grossulariaceae",78858,N,burke-wa-flora
"Ribes laxiflorum","Grossulariaceae",78860,N,burke-wa-flora
"Ribes lobbii","Grossulariaceae",78861,N,burke-wa-flora
"Ribes montigenum","Grossulariaceae",78863,N,burke-wa-flora
"Ribes niveum","Grossulariaceae",167918,N,burke-wa-flora
"Ribes oxyacanthoides","Grossulariaceae",71033,N,burke-wa-flora
"Ribes sanguineum","Grossulariaceae",53435,N,burke-wa-flora
"Ribes triste","Grossulariaceae",118750,N,burke-wa-flora
"Ribes velutinum","Grossulariaceae",78868,N,burke-wa-flora
"Ribes viscosissimum","Grossulariaceae",78870,N,burke-wa-flora
"Ribes watsonianum","Grossulariaceae",167921,N,burke-wa-flora
"Ribes wolfii","Grossulariaceae",167922,N,burke-wa-flora
"Rigiopappus leptocladus","Asteraceae",56981,N,burke-wa-flora
"Romanzoffia sitchensis","Hydrophyllaceae",78872,N,burke-wa-flora
"Romanzoffia tracyi","Hydrophyllaceae",78873,N,burke-wa-flora
"Rorippa columbiae","Brassicaceae",78875,N,burke-wa-flora
"Rorippa curvipes","Brassicaceae",78876,N,burke-wa-flora
"Rorippa curvisiliqua","Brassicaceae",58866,N,burke-wa-flora
"Rorippa palustris","Brassicaceae",64162,N,burke-wa-flora
"Rorippa sinuata","Brassicaceae",78877,N,burke-wa-flora
"Rorippa sphaerocarpa","Brassicaceae",78878,N,burke-wa-flora
"Rorippa tenerrima","Brassicaceae",54675,N,burke-wa-flora
"Rosa gymnocarpa","Rosaceae",53441,N,burke-wa-flora
"Rosa nutkana","Rosaceae",78883,N,burke-wa-flora
"Rosa pisocarpa","Rosaceae",78885,N,burke-wa-flora
"Rosa woodsii","Rosaceae",78887,N,burke-wa-flora
"Rotala ramosior","Lythraceae",78889,N,burke-wa-flora
"Rubus arcticus","Rosaceae",121363,N,burke-wa-flora
"Rubus idaeus","Rosaceae",54436,N,burke-wa-flora
"Rubus lasiococcus","Rosaceae",78892,N,burke-wa-flora
"Rubus leucodermis","Rosaceae",63960,N,burke-wa-flora
"Rubus nigerrimus","Rosaceae",63961,Y,burke-wa-flora
"Rubus nivalis","Rosaceae",78893,N,burke-wa-flora
"Rubus parviflorus","Rosaceae",51646,N,burke-wa-flora
"Rubus pedatus","Rosaceae",130220,N,burke-wa-flora
"Rubus pubescens","Rosaceae",132855,N,burke-wa-flora
"Rubus spectabilis","Rosaceae",47543,N,burke-wa-flora
"Rubus ursinus","Rosaceae",53445,N,burke-wa-flora
"Rudbeckia alpicola","Asteraceae",136372,Y,burke-wa-flora
"Rudbeckia occidentalis","Asteraceae",78899,N,burke-wa-flora
"Rumex crassus","Polygonaceae",61087,N,burke-wa-flora
"Rumex maritimus","Polygonaceae",168242,N,burke-wa-flora
"Rumex occidentalis","Polygonaceae",61086,N,burke-wa-flora
"Rumex paucifolius","Polygonaceae",78907,N,burke-wa-flora
"Rumex persicarioides","Polygonaceae",78908,N,burke-wa-flora
"Rumex salicifolius","Polygonaceae",60233,Y,burke-wa-flora
"Rumex venosus","Polygonaceae",78913,N,burke-wa-flora
"Rupertia physodes","Fabaceae",53198,N,burke-wa-flora
"Ruppia maritima","Ruppiaceae",61090,N,burke-wa-flora
"Sabulina basaltica","Caryophyllaceae",836852,Y,burke-wa-flora
"Sabulina macra","Caryophyllaceae",836878,N,burke-wa-flora
"Sabulina nuttallii","Caryophyllaceae",836884,N,burke-wa-flora
"Sabulina pusilla","Caryophyllaceae",836888,N,burke-wa-flora
"Sabulina rubella","Caryophyllaceae",836893,N,burke-wa-flora
"Sabulina sororia","Caryophyllaceae",836895,Y,burke-wa-flora
"Sagina decumbens","Caryophyllaceae",57004,N,burke-wa-flora
"Sagina maxima","Caryophyllaceae",78922,N,burke-wa-flora
"Sagina saginoides","Caryophyllaceae",78923,N,burke-wa-flora
"Sagittaria cuneata","Alismataceae",78925,N,burke-wa-flora
"Sagittaria latifolia","Alismataceae",48070,N,burke-wa-flora
"Salicornia depressa","Amaranthaceae",78930,N,burke-wa-flora
"Salicornia pacifica","Amaranthaceae",78931,N,burke-wa-flora
"Salicornia rubra","Amaranthaceae",78933,N,burke-wa-flora
"Salix amygdaloides","Salicaceae",54842,N,burke-wa-flora
"Salix arctica","Salicaceae",67799,N,burke-wa-flora
"Salix barclayi","Salicaceae",168319,N,burke-wa-flora
"Salix bebbiana","Salicaceae",54843,N,burke-wa-flora
"Salix boothii","Salicaceae",78934,N,burke-wa-flora
"Salix brachycarpa","Salicaceae",78935,N,burke-wa-flora
"Salix candida","Salicaceae",168322,N,burke-wa-flora
"Salix cascadensis","Salicaceae",168323,N,burke-wa-flora
"Salix commutata","Salicaceae",168327,N,burke-wa-flora
"Salix drummondiana","Salicaceae",78938,N,burke-wa-flora
"Salix eastwoodiae","Salicaceae",78939,N,burke-wa-flora
"Salix exigua","Salicaceae",59008,N,burke-wa-flora
"Salix farriae","Salicaceae",168331,N,burke-wa-flora
"Salix geyeriana","Salicaceae",78940,N,burke-wa-flora
"Salix glauca","Salicaceae",168335,N,burke-wa-flora
"Salix hookeriana","Salicaceae",78941,N,burke-wa-flora
"Salix lasiandra","Salicaceae",78943,N,burke-wa-flora
"Salix lasiolepis","Salicaceae",53452,N,burke-wa-flora
"Salix maccalliana","Salicaceae",168340,N,burke-wa-flora
"Salix melanopsis","Salicaceae",78947,N,burke-wa-flora
"Salix monochroma","Salicaceae",168341,N,burke-wa-flora
"Salix nivalis","Salicaceae",78948,N,burke-wa-flora
"Salix pedicellaris","Salicaceae",168347,N,burke-wa-flora
"Salix petrophila","Salicaceae",78950,N,burke-wa-flora
"Salix planifolia","Salicaceae",78951,N,burke-wa-flora
"Salix prolixa","Salicaceae",78952,N,burke-wa-flora
"Salix pseudomonticola","Salicaceae",168352,N,burke-wa-flora
"Salix scouleriana","Salicaceae",71076,N,burke-wa-flora
"Salix sessilifolia","Salicaceae",168359,N,burke-wa-flora
"Salix sitchensis","Salicaceae",61100,N,burke-wa-flora
"Salix tweedyi","Salicaceae",168367,N,burke-wa-flora
"Salix vestita","Salicaceae",168369,N,burke-wa-flora
"Salvia dorrii","Lamiaceae",1486830,N,burke-wa-flora
"Sambucus cerulea","Adoxaceae",143799,N,burke-wa-flora
"Sambucus racemosa","Adoxaceae",57824,N,burke-wa-flora
"Samolus parviflorus","Primulaceae",60234,N,burke-wa-flora
"Sandbergia perplexa","Brassicaceae",359578,N,burke-wa-flora
"Sandbergia whitedii","Brassicaceae",359548,N,burke-wa-flora
"Sanguisorba annua","Rosaceae",168409,N,burke-wa-flora
"Sanguisorba menziesii","Rosaceae",168410,N,burke-wa-flora
"Sanguisorba officinalis","Rosaceae",64549,N,burke-wa-flora
"Sanguisorba stipulata","Rosaceae",782906,N,burke-wa-flora
"Sanicula arctopoides","Apiaceae",55466,N,burke-wa-flora
"Sanicula bipinnatifida","Apiaceae",56840,N,burke-wa-flora
"Sanicula crassicaulis","Apiaceae",53201,N,burke-wa-flora
"Sanicula graveolens","Apiaceae",78979,N,burke-wa-flora
"Sanicula marilandica","Apiaceae",130365,N,burke-wa-flora
"Sarcobatus vermiculatus","Sarcobataceae",67802,N,burke-wa-flora
"Saussurea americana","Asteraceae",78984,N,burke-wa-flora
"Saxifraga adscendens","Saxifragaceae",144153,N,burke-wa-flora
"Saxifraga cernua","Saxifragaceae",144155,N,burke-wa-flora
"Saxifraga cespitosa","Saxifragaceae",78985,N,burke-wa-flora
"Saxifraga hyperborea","Saxifragaceae",78986,N,burke-wa-flora
"Saxifraga mertensiana","Saxifragaceae",68218,N,burke-wa-flora
"Saxifraga oppositifolia","Saxifragaceae",128880,N,burke-wa-flora
"Saxifragopsis fragarioides","Saxifragaceae",78987,N,burke-wa-flora
"Scheuchzeria palustris","Scheuchzeriaceae",78991,N,burke-wa-flora
"Schizachyrium scoparium","Poaceae",122603,N,burke-wa-flora
"Schoenoplectus acutus","Cyperaceae",59205,N,burke-wa-flora
"Schoenoplectus americanus","Cyperaceae",59066,N,burke-wa-flora
"Schoenoplectus heterochaetus","Cyperaceae",78994,N,burke-wa-flora
"Schoenoplectus pungens","Cyperaceae",59072,N,burke-wa-flora
"Schoenoplectus subterminalis","Cyperaceae",78997,N,burke-wa-flora
"Schoenoplectus tabernaemontani","Cyperaceae",78998,N,burke-wa-flora
"Scirpus atrocinctus","Cyperaceae",168640,N,burke-wa-flora
"Scirpus microcarpus","Cyperaceae",59068,N,burke-wa-flora
"Scirpus pallidus","Cyperaceae",168648,N,burke-wa-flora
"Scrophularia californica","Scrophulariaceae",50812,N,burke-wa-flora
"Scrophularia lanceolata","Scrophulariaceae",79012,N,burke-wa-flora
"Scutellaria angustifolia","Lamiaceae",168704,N,burke-wa-flora
"Scutellaria galericulata","Lamiaceae",79016,N,burke-wa-flora
"Scutellaria lateriflora","Lamiaceae",79017,N,burke-wa-flora
"Sedum divergens","Crassulaceae",61155,N,burke-wa-flora
"Sedum lanceolatum","Crassulaceae",79026,N,burke-wa-flora
"Sedum leibergii","Crassulaceae",168740,N,burke-wa-flora
"Sedum oreganum","Crassulaceae",79030,N,burke-wa-flora
"Sedum rupicola","Crassulaceae",168749,Y,burke-wa-flora
"Sedum spathulifolium","Crassulaceae",58886,N,burke-wa-flora
"Sedum stenopetalum","Crassulaceae",79033,N,burke-wa-flora
"Senecio elmeri","Asteraceae",168814,N,burke-wa-flora
"Senecio fremontii","Asteraceae",79045,N,burke-wa-flora
"Senecio hydrophiloides","Asteraceae",79046,N,burke-wa-flora
"Senecio hydrophilus","Asteraceae",64165,N,burke-wa-flora
"Senecio integerrimus","Asteraceae",79047,N,burke-wa-flora
"Senecio lugens","Asteraceae",168819,N,burke-wa-flora
"Senecio neowebsteri","Asteraceae",168824,Y,burke-wa-flora
"Senecio serra","Asteraceae",54922,N,burke-wa-flora
"Senecio triangularis","Asteraceae",79055,N,burke-wa-flora
"Sericocarpus oregonensis","Asteraceae",79063,N,burke-wa-flora
"Sericocarpus rigidus","Asteraceae",168858,N,burke-wa-flora
"Shepherdia canadensis","Elaeagnaceae",79072,N,burke-wa-flora
"Sibbaldia procumbens","Rosaceae",79076,N,burke-wa-flora
"Sidalcea hendersonii","Malvaceae",168942,N,burke-wa-flora
"Sidalcea hirtipes","Malvaceae",168943,N,burke-wa-flora
"Sidalcea nelsoniana","Malvaceae",168944,N,burke-wa-flora
"Sidalcea oregana","Malvaceae",68635,Y,burke-wa-flora
"Sidalcea virgata","Malvaceae",1241012,N,burke-wa-flora
"Silene acaulis","Caryophyllaceae",68886,N,burke-wa-flora
"Silene antirrhina","Caryophyllaceae",58780,N,burke-wa-flora
"Silene bernardina","Caryophyllaceae",79101,N,burke-wa-flora
"Silene douglasii","Caryophyllaceae",62696,N,burke-wa-flora
"Silene menziesii","Caryophyllaceae",79111,N,burke-wa-flora
"Silene oregana","Caryophyllaceae",79115,N,burke-wa-flora
"Silene parryi","Caryophyllaceae",143681,N,burke-wa-flora
"Silene scouleri","Caryophyllaceae",59789,N,burke-wa-flora
"Silene seelyi","Caryophyllaceae",143682,Y,burke-wa-flora
"Silene spaldingii","Caryophyllaceae",168981,N,burke-wa-flora
"Silene suksdorfii","Caryophyllaceae",79121,N,burke-wa-flora
"Sisymbrium linifolium","Brassicaceae",148441,N,burke-wa-flora
"Sisyrinchium californicum","Iridaceae",60550,N,burke-wa-flora
"Sisyrinchium idahoense","Iridaceae",79129,N,burke-wa-flora
"Sisyrinchium littorale","Iridaceae",169021,N,burke-wa-flora
"Sisyrinchium montanum","Iridaceae",127372,N,burke-wa-flora
"Sisyrinchium sarmentosum","Iridaceae",169030,N,burke-wa-flora
"Sisyrinchium septentrionale","Iridaceae",169031,N,burke-wa-flora
"Sium suave","Apiaceae",79131,N,burke-wa-flora
"Smelowskia americana","Brassicaceae",359553,N,burke-wa-flora
"Smelowskia ovalis","Brassicaceae",79132,N,burke-wa-flora
"Solidago elongata","Asteraceae",79150,N,burke-wa-flora
"Solidago lepida","Asteraceae",79152,N,burke-wa-flora
"Solidago missouriensis","Asteraceae",130378,N,burke-wa-flora
"Solidago multiradiata","Asteraceae",79153,N,burke-wa-flora
"Solidago simplex","Asteraceae",126653,N,burke-wa-flora
"Solidago spathulata","Asteraceae",60978,N,burke-wa-flora
"Sorbus scopulina","Rosaceae",79159,N,burke-wa-flora
"Sorbus sitchensis","Rosaceae",48583,N,burke-wa-flora
"Sparganium angustifolium","Typhaceae",79161,N,burke-wa-flora
"Sparganium emersum","Typhaceae",62575,N,burke-wa-flora
"Sparganium eurycarpum","Typhaceae",63348,N,burke-wa-flora
"Sparganium fluctuans","Typhaceae",169152,N,burke-wa-flora
"Sparganium natans","Typhaceae",79162,N,burke-wa-flora
"Spergularia canadensis","Caryophyllaceae",79168,N,burke-wa-flora
"Spergularia macrotheca","Caryophyllaceae",61472,N,burke-wa-flora
"Spergularia marina","Caryophyllaceae",79169,N,burke-wa-flora
"Sphaeralcea grossulariifolia","Malvaceae",79176,N,burke-wa-flora
"Sphaeralcea munroana","Malvaceae",63313,N,burke-wa-flora
"Sphenopholis intermedia","Poaceae",169245,N,burke-wa-flora
"Sphenopholis obtusata","Poaceae",79182,N,burke-wa-flora
"Spiraea douglasii","Rosaceae",62493,N,burke-wa-flora
"Spiraea lucida","Rosaceae",1487484,N,burke-wa-flora
"Spiraea splendens","Rosaceae",79183,N,burke-wa-flora
"Spiranthes diluvialis","Orchidaceae",131217,N,burke-wa-flora
"Spiranthes porrifolia","Orchidaceae",50742,N,burke-wa-flora
"Spiranthes romanzoffiana","Orchidaceae",50743,N,burke-wa-flora
"Spirodela polyrhiza","Araceae",57867,N,burke-wa-flora
"Sporobolus airoides","Poaceae",60313,N,burke-wa-flora
"Sporobolus compositus","Poaceae",772932,N,burke-wa-flora
"Sporobolus cryptandrus","Poaceae",79185,N,burke-wa-flora
"Sporobolus neglectus","Poaceae",169298,N,burke-wa-flora
"Stachys mexicana","Lamiaceae",79191,N,burke-wa-flora
"Stachys pilosa","Lamiaceae",79192,N,burke-wa-flora
"Stachys rigida","Lamiaceae",53306,N,burke-wa-flora
"Stellaria borealis","Caryophyllaceae",79199,N,burke-wa-flora
"Stellaria calycantha","Caryophyllaceae",79200,N,burke-wa-flora
"Stellaria crispa","Caryophyllaceae",79201,N,burke-wa-flora
"Stellaria humifusa","Caryophyllaceae",169339,N,burke-wa-flora
"Stellaria longifolia","Caryophyllaceae",79202,N,burke-wa-flora
"Stellaria longipes","Caryophyllaceae",79203,N,burke-wa-flora
"Stellaria nitens","Caryophyllaceae",57007,N,burke-wa-flora
"Stenotus lanuginosus","Asteraceae",79212,N,burke-wa-flora
"Stephanomeria exigua","Asteraceae",58039,N,burke-wa-flora
"Stephanomeria paniculata","Asteraceae",79216,N,burke-wa-flora
"Stephanomeria tenuifolia","Asteraceae",79218,N,burke-wa-flora
"Streptanthus longirostris","Brassicaceae",958419,N,burke-wa-flora
"Streptopus amplexifolius","Liliaceae",79273,N,burke-wa-flora
"Streptopus lanceolatus","Liliaceae",127916,N,burke-wa-flora
"Streptopus streptopoides","Liliaceae",169409,N,burke-wa-flora
"Stuckenia filiformis","Potamogetonaceae",79275,N,burke-wa-flora
"Stuckenia pectinata","Potamogetonaceae",64239,N,burke-wa-flora
"Suaeda calceoliformis","Amaranthaceae",60180,N,burke-wa-flora
"Suaeda nigra","Amaranthaceae",79286,N,burke-wa-flora
"Suaeda occidentalis","Amaranthaceae",79287,N,burke-wa-flora
"Subularia aquatica","Brassicaceae",79289,N,burke-wa-flora
"Suksdorfia ranunculifolia","Saxifragaceae",130324,N,burke-wa-flora
"Suksdorfia violacea","Saxifragaceae",169438,N,burke-wa-flora
"Sullivantia oregana","Saxifragaceae",169440,N,burke-wa-flora
"Swertia perennis","Gentianaceae",56354,N,burke-wa-flora
"Symphoricarpos albus","Caprifoliaceae",48523,N,burke-wa-flora
"Symphoricarpos mollis","Caprifoliaceae",53456,N,burke-wa-flora
"Symphoricarpos occidentalis","Caprifoliaceae",169448,N,burke-wa-flora
"Symphoricarpos rotundifolius","Caprifoliaceae",79293,N,burke-wa-flora
"Symphyotrichum ascendens","Asteraceae",79294,N,burke-wa-flora
"Symphyotrichum boreale","Asteraceae",169452,N,burke-wa-flora
"Symphyotrichum bracteolatum","Asteraceae",79295,N,burke-wa-flora
"Symphyotrichum campestre","Asteraceae",79296,N,burke-wa-flora
"Symphyotrichum chilense","Asteraceae",56861,N,burke-wa-flora
"Symphyotrichum ciliatum","Asteraceae",169454,N,burke-wa-flora
"Symphyotrichum ericoides","Asteraceae",126654,N,burke-wa-flora
"Symphyotrichum foliaceum","Asteraceae",56113,N,burke-wa-flora
"Symphyotrichum frondosum","Asteraceae",79298,N,burke-wa-flora
"Symphyotrichum hallii","Asteraceae",169467,N,burke-wa-flora
"Symphyotrichum jessicae","Asteraceae",169468,N,burke-wa-flora
"Symphyotrichum laeve","Asteraceae",129607,N,burke-wa-flora
"Symphyotrichum lanceolatum","Asteraceae",79301,N,burke-wa-flora
"Symphyotrichum spathulatum","Asteraceae",79302,N,burke-wa-flora
"Symphyotrichum subspicatum","Asteraceae",79303,N,burke-wa-flora
"Tanacetum bipinnatum","Asteraceae",79314,N,burke-wa-flora
"Taraxacum alaskanum","Asteraceae",556104,N,burke-wa-flora
"Taraxacum ceratophorum","Asteraceae",79316,N,burke-wa-flora
"Taraxacum scopulorum","Asteraceae",906498,N,burke-wa-flora
"Taraxia subacaulis","Onagraceae",79318,N,burke-wa-flora
"Taraxia tanacetifolia","Onagraceae",79319,N,burke-wa-flora
"Tauschia stricklandii","Apiaceae",153436,N,burke-wa-flora
"Tauschia tenuissima","Apiaceae",169560,N,burke-wa-flora
"Tellima grandiflora","Saxifragaceae",51655,N,burke-wa-flora
"Tetradymia canescens","Asteraceae",79331,N,burke-wa-flora
"Teucrium canadense","Lamiaceae",64547,N,burke-wa-flora
"Thalictrum dasycarpum","Ranunculaceae",169657,N,burke-wa-flora
"Thalictrum occidentale","Ranunculaceae",79343,N,burke-wa-flora
"Thalictrum venulosum","Ranunculaceae",169666,N,burke-wa-flora
"Thelypodium howellii","Brassicaceae",79349,N,burke-wa-flora
"Thelypodium integrifolium","Brassicaceae",79350,N,burke-wa-flora
"Thelypodium laciniatum","Brassicaceae",79351,N,burke-wa-flora
"Thelypodium milleflorum","Brassicaceae",79352,N,burke-wa-flora
"Thelypodium sagittatum","Brassicaceae",169695,N,burke-wa-flora
"Thermopsis montana","Fabaceae",138470,N,burke-wa-flora
"Thysanocarpus curvipes","Brassicaceae",58088,N,burke-wa-flora
"Tiarella trifoliata","Saxifragaceae",51643,N,burke-wa-flora
"Tiquilia nuttallii","Ehretiaceae",79365,N,burke-wa-flora
"Tolmiea menziesii","Saxifragaceae",128848,N,burke-wa-flora
"Tonella floribunda","Plantaginaceae",169787,N,burke-wa-flora
"Tonella tenella","Plantaginaceae",79369,N,burke-wa-flora
"Tonestus lyallii","Asteraceae",79371,N,burke-wa-flora
"Torreyochloa pallida","Poaceae",79374,N,burke-wa-flora
"Toxicodendron diversilobum","Anacardiaceae",51080,N,burke-wa-flora
"Toxicodendron radicans","Anacardiaceae",58732,N,burke-wa-flora
"Toxicoscordion paniculatum","Melanthiaceae",79380,N,burke-wa-flora
"Toxicoscordion venenosum","Melanthiaceae",59087,N,burke-wa-flora
"Tragopogon mirus","Asteraceae",128034,N,burke-wa-flora
"Trautvetteria caroliniensis","Ranunculaceae",79387,N,burke-wa-flora
"Triantha occidentalis","Tofieldiaceae",79389,N,burke-wa-flora
"Trichophorum cespitosum","Cyperaceae",204169,N,burke-wa-flora
"Trichostema oblongum","Lamiaceae",79398,N,burke-wa-flora
"Trifolium albopurpureum","Fabaceae",58162,N,burke-wa-flora
"Trifolium bifidum","Fabaceae",60196,N,burke-wa-flora
"Trifolium ciliolatum","Fabaceae",60197,N,burke-wa-flora
"Trifolium cyathiferum","Fabaceae",60198,N,burke-wa-flora
"Trifolium depauperatum","Fabaceae",58164,N,burke-wa-flora
"Trifolium dichotomum","Fabaceae",61179,N,burke-wa-flora
"Trifolium douglasii","Fabaceae",169961,N,burke-wa-flora
"Trifolium eriocephalum","Fabaceae",79415,N,burke-wa-flora
"Trifolium latifolium","Fabaceae",169965,N,burke-wa-flora
"Trifolium longipes","Fabaceae",79422,Y,burke-wa-flora
"Trifolium macrocephalum","Fabaceae",79423,N,burke-wa-flora
"Trifolium microcephalum","Fabaceae",58911,N,burke-wa-flora
"Trifolium microdon","Fabaceae",57079,N,burke-wa-flora
"Trifolium oliganthum","Fabaceae",71122,N,burke-wa-flora
"Trifolium plumosum","Fabaceae",169973,N,burke-wa-flora
"Trifolium thompsonii","Fabaceae",169977,Y,burke-wa-flora
"Trifolium variegatum","Fabaceae",57080,N,burke-wa-flora
"Trifolium willdenovii","Fabaceae",57081,N,burke-wa-flora
"Trifolium wormskioldii","Fabaceae",71146,N,burke-wa-flora
"Triglochin concinna","Juncaginaceae",79435,N,burke-wa-flora
"Triglochin maritima","Juncaginaceae",60264,N,burke-wa-flora
"Triglochin palustris","Juncaginaceae",79436,N,burke-wa-flora
"Triglochin scilloides","Juncaginaceae",79437,N,burke-wa-flora
"Triglochin striata","Juncaginaceae",79438,N,burke-wa-flora
"Trillium albidum","Melanthiaceae",55697,N,burke-wa-flora
"Trillium ovatum","Melanthiaceae",49463,N,burke-wa-flora
"Trillium petiolatum","Melanthiaceae",125665,N,burke-wa-flora
"Triodanis perfoliata","Campanulaceae",64293,N,burke-wa-flora
"Triphysaria pusilla","Orobanchaceae",57276,N,burke-wa-flora
"Triteleia grandiflora","Asparagaceae",79452,N,burke-wa-flora
"Triteleia hyacinthina","Asparagaceae",57132,N,burke-wa-flora
"Trollius albiflorus","Ranunculaceae",1563130,N,burke-wa-flora
"Turritis glabra","Brassicaceae",79460,N,burke-wa-flora
"Typha latifolia","Typhaceae",48685,N,burke-wa-flora
"Uropappus lindleyi","Asteraceae",50806,N,burke-wa-flora
"Urtica dioica","Urticaceae",1631210,N,burke-wa-flora
"Utricularia gibba","Lentibulariaceae",79464,N,burke-wa-flora
"Utricularia intermedia","Lentibulariaceae",1505192,N,burke-wa-flora
"Utricularia minor","Lentibulariaceae",1505193,N,burke-wa-flora
"Utricularia vulgaris","Lentibulariaceae",1505195,N,burke-wa-flora
"Vaccinium cespitosum","Ericaceae",79470,N,burke-wa-flora
"Vaccinium deliciosum","Ericaceae",48348,N,burke-wa-flora
"Vaccinium membranaceum","Ericaceae",48347,N,burke-wa-flora
"Vaccinium myrtilloides","Ericaceae",52741,N,burke-wa-flora
"Vaccinium myrtillus","Ericaceae",127029,N,burke-wa-flora
"Vaccinium ovalifolium","Ericaceae",63820,N,burke-wa-flora
"Vaccinium ovatum","Ericaceae",48349,N,burke-wa-flora
"Vaccinium oxycoccos","Ericaceae",126560,N,burke-wa-flora
"Vaccinium parvifolium","Ericaceae",48354,N,burke-wa-flora
"Vaccinium scoparium","Ericaceae",79471,N,burke-wa-flora
"Vaccinium uliginosum","Ericaceae",64714,N,burke-wa-flora
"Vahlodea atropurpurea","Poaceae",79473,N,burke-wa-flora
"Valeriana columbiana","Valerianaceae",170111,Y,burke-wa-flora
"Valeriana dioica","Valerianaceae",170112,N,burke-wa-flora
"Valeriana edulis","Valerianaceae",170113,N,burke-wa-flora
"Valeriana occidentalis","Valerianaceae",79475,N,burke-wa-flora
"Valeriana sitchensis","Valerianaceae",79477,N,burke-wa-flora
"Vancouveria hexandra","Berberidaceae",79480,N,burke-wa-flora
"Veratrum californicum","Melanthiaceae",60500,N,burke-wa-flora
"Veratrum insolitum","Melanthiaceae",79483,N,burke-wa-flora
"Veratrum viride","Melanthiaceae",79484,N,burke-wa-flora
"Verbena bracteata","Verbenaceae",79488,N,burke-wa-flora
"Verbena hastata","Verbenaceae",60251,N,burke-wa-flora
"Verbena stricta","Verbenaceae",63319,N,burke-wa-flora
"Veronica americana","Plantaginaceae",57277,N,burke-wa-flora
"Veronica cusickii","Plantaginaceae",79497,N,burke-wa-flora
"Veronica dissecta","Plantaginaceae",503360,Y,burke-wa-flora
"Veronica missurica","Plantaginaceae",738040,N,burke-wa-flora
"Veronica peregrina","Plantaginaceae",60317,N,burke-wa-flora
"Veronica regina-nivalis","Plantaginaceae",738046,N,burke-wa-flora
"Veronica rubra","Plantaginaceae",737997,N,burke-wa-flora
"Veronica schizantha","Plantaginaceae",738047,N,burke-wa-flora
"Veronica scutellata","Plantaginaceae",61112,N,burke-wa-flora
"Veronica serpyllifolia","Plantaginaceae",55749,N,burke-wa-flora
"Veronica wormskjoldii","Plantaginaceae",61145,N,burke-wa-flora
"Viburnum edule","Adoxaceae",79499,N,burke-wa-flora
"Viburnum ellipticum","Adoxaceae",79500,N,burke-wa-flora
"Viburnum opulus","Adoxaceae",1622164,N,burke-wa-flora
"Vicia americana","Fabaceae",53320,N,burke-wa-flora
"Vicia nigricans","Fabaceae",170213,N,burke-wa-flora
"Viola adunca","Violaceae",53328,N,burke-wa-flora
"Viola canadensis","Violaceae",70010,N,burke-wa-flora
"Viola flettii","Violaceae",148024,Y,burke-wa-flora
"Viola glabella","Violaceae",71113,N,burke-wa-flora
"Viola howellii","Violaceae",79510,N,burke-wa-flora
"Viola langsdorffii","Violaceae",79511,N,burke-wa-flora
"Viola macloskeyi","Violaceae",1467785,N,burke-wa-flora
"Viola nephrophylla","Violaceae",79513,N,burke-wa-flora
"Viola nuttallii","Violaceae",127918,N,burke-wa-flora
"Viola orbiculata","Violaceae",71112,N,burke-wa-flora
"Viola palustris","Violaceae",79514,N,burke-wa-flora
"Viola pluviae","Violaceae",1392355,N,burke-wa-flora
"Viola purpurea","Violaceae",70391,N,burke-wa-flora
"Viola renifolia","Violaceae",170258,N,burke-wa-flora
"Viola selkirkii","Violaceae",170260,N,burke-wa-flora
"Viola sempervirens","Violaceae",55342,N,burke-wa-flora
"Viola sheltonii","Violaceae",70394,N,burke-wa-flora
"Viola sororia","Violaceae",82816,N,burke-wa-flora
"Viola trinervata","Violaceae",143420,N,burke-wa-flora
"Whipplea modesta","Hydrangeaceae",61509,N,burke-wa-flora
"Wolffia borealis","Araceae",79526,N,burke-wa-flora
"Wolffia brasiliensis","Araceae",79527,N,burke-wa-flora
"Wolffia columbiana","Araceae",79528,N,burke-wa-flora
"Wyethia amplexicaulis","Asteraceae",50798,N,burke-wa-flora
"Wyethia angustifolia","Asteraceae",56987,N,burke-wa-flora
"Xanthium strumarium","Asteraceae",57920,N,burke-wa-flora
"Xerophyllum tenax","Melanthiaceae",59524,N,burke-wa-flora
"Yabea microcarpa","Apiaceae",56847,N,burke-wa-flora
"Zannichellia palustris","Potamogetonaceae",79546,N,burke-wa-flora
"Zeltnera exaltata","Gentianaceae",79549,N,burke-wa-flora
"Zeltnera muehlenbergii","Gentianaceae",79550,N,burke-wa-flora
"Zizia aptera","Apiaceae",119795,N,burke-wa-flora
"Zostera marina","Zosteraceae",52614,N,burke-wa-flora
